=== 转换日志 - 2026年 02月 03日 星期二 15:04:58 CST ===
=== 转换日志 - 2026年 02月 03日 星期二 15:05:14 CST ===
=== 转换日志 - 2026年 02月 03日 星期二 15:06:25 CST ===
[2026年 02月 03日 星期二 15:08:38 CST] SKIPPED (up-to-date): /data/downloads/wallet/binance-margin_trading-api-docs/html/docs/zh-CN/margin_trading/market-data.html
[2026年 02月 03日 星期二 15:08:38 CST] SUCCESS: /data/downloads/wallet/binance-margin_trading-api-docs/html/docs/zh-CN/margin_trading/account/Disable-Isolated-Margin-Account.html -> /data/downloads/wallet/binance-margin_trading-api-docs/markdown/docs/zh-CN/margin_trading/account/Disable-Isolated-Margin-Account.md
[2026年 02月 03日 星期二 15:08:38 CST] SUCCESS: /data/downloads/wallet/binance-margin_trading-api-docs/html/docs/zh-CN/margin_trading/account/Query-Cross-Isolated-Margin-Capital-Flow.html -> /data/downloads/wallet/binance-margin_trading-api-docs/markdown/docs/zh-CN/margin_trading/account/Query-Cross-Isolated-Margin-Capital-Flow.md
[2026年 02月 03日 星期二 15:08:38 CST] SUCCESS: /data/downloads/wallet/binance-margin_trading-api-docs/html/docs/zh-CN/margin_trading/account/Query-Enabled-Isolated-Margin-Account-Limit.html -> /data/downloads/wallet/binance-margin_trading-api-docs/markdown/docs/zh-CN/margin_trading/account/Query-Enabled-Isolated-Margin-Account-Limit.md
[2026年 02月 03日 星期二 15:08:38 CST] SUCCESS: /data/downloads/wallet/binance-margin_trading-api-docs/html/docs/zh-CN/margin_trading/account/Get-Summary-Of-Margin-Account.html -> /data/downloads/wallet/binance-margin_trading-api-docs/markdown/docs/zh-CN/margin_trading/account/Get-Summary-Of-Margin-Account.md
[2026年 02月 03日 星期二 15:08:38 CST] SUCCESS: /data/downloads/wallet/binance-margin_trading-api-docs/html/docs/zh-CN/margin_trading/account/Query-Isolated-Margin-Fee-Data.html -> /data/downloads/wallet/binance-margin_trading-api-docs/markdown/docs/zh-CN/margin_trading/account/Query-Isolated-Margin-Fee-Data.md
[2026年 02月 03日 星期二 15:08:38 CST] SUCCESS: /data/downloads/wallet/binance-margin_trading-api-docs/html/docs/zh-CN/margin_trading/account/Query-Cross-Margin-Fee-Data.html -> /data/downloads/wallet/binance-margin_trading-api-docs/markdown/docs/zh-CN/margin_trading/account/Query-Cross-Margin-Fee-Data.md
[2026年 02月 03日 星期二 15:08:38 CST] SUCCESS: /data/downloads/wallet/binance-margin_trading-api-docs/html/docs/zh-CN/margin_trading/account/Adjust-Cross-Margin-Max-Leverage.html -> /data/downloads/wallet/binance-margin_trading-api-docs/markdown/docs/zh-CN/margin_trading/account/Adjust-Cross-Margin-Max-Leverage.md
[2026年 02月 03日 星期二 15:08:38 CST] SUCCESS: /data/downloads/wallet/binance-margin_trading-api-docs/html/docs/zh-CN/margin_trading/account/Get-BNB-Burn-Status.html -> /data/downloads/wallet/binance-margin_trading-api-docs/markdown/docs/zh-CN/margin_trading/account/Get-BNB-Burn-Status.md
[2026年 02月 03日 星期二 15:08:38 CST] SUCCESS: /data/downloads/wallet/binance-margin_trading-api-docs/html/docs/zh-CN/margin_trading/account/Enable-Isolated-Margin-Account.html -> /data/downloads/wallet/binance-margin_trading-api-docs/markdown/docs/zh-CN/margin_trading/account/Enable-Isolated-Margin-Account.md
[2026年 02月 03日 星期二 15:08:38 CST] SUCCESS: /data/downloads/wallet/binance-margin_trading-api-docs/html/docs/zh-CN/margin_trading/account/Query-Cross-Margin-Account-Details.html -> /data/downloads/wallet/binance-margin_trading-api-docs/markdown/docs/zh-CN/margin_trading/account/Query-Cross-Margin-Account-Details.md
[2026年 02月 03日 星期二 15:08:38 CST] SUCCESS: /data/downloads/wallet/binance-margin_trading-api-docs/html/docs/zh-CN/margin_trading/account/Query-Isolated-Margin-Account-Info.html -> /data/downloads/wallet/binance-margin_trading-api-docs/markdown/docs/zh-CN/margin_trading/account/Query-Isolated-Margin-Account-Info.md
[2026年 02月 03日 星期二 15:08:38 CST] SUCCESS: /data/downloads/wallet/binance-margin_trading-api-docs/html/docs/zh-CN/margin_trading/borrow-and-repay/Margin-Account-Borrow-Repay.html -> /data/downloads/wallet/binance-margin_trading-api-docs/markdown/docs/zh-CN/margin_trading/borrow-and-repay/Margin-Account-Borrow-Repay.md
[2026年 02月 03日 星期二 15:08:38 CST] SUCCESS: /data/downloads/wallet/binance-margin_trading-api-docs/html/docs/zh-CN/margin_trading/borrow-and-repay/Query-Max-Borrow.html -> /data/downloads/wallet/binance-margin_trading-api-docs/markdown/docs/zh-CN/margin_trading/borrow-and-repay/Query-Max-Borrow.md
[2026年 02月 03日 星期二 15:08:38 CST] SUCCESS: /data/downloads/wallet/binance-margin_trading-api-docs/html/docs/zh-CN/margin_trading/borrow-and-repay/Get-a-future-hourly-interest-rate.html -> /data/downloads/wallet/binance-margin_trading-api-docs/markdown/docs/zh-CN/margin_trading/borrow-and-repay/Get-a-future-hourly-interest-rate.md
[2026年 02月 03日 星期二 15:08:38 CST] SUCCESS: /data/downloads/wallet/binance-margin_trading-api-docs/html/docs/zh-CN/margin_trading/borrow-and-repay/Get-Interest-History.html -> /data/downloads/wallet/binance-margin_trading-api-docs/markdown/docs/zh-CN/margin_trading/borrow-and-repay/Get-Interest-History.md
[2026年 02月 03日 星期二 15:08:38 CST] SUCCESS: /data/downloads/wallet/binance-margin_trading-api-docs/html/docs/zh-CN/margin_trading/borrow-and-repay/Query-Borrow-Repay.html -> /data/downloads/wallet/binance-margin_trading-api-docs/markdown/docs/zh-CN/margin_trading/borrow-and-repay/Query-Borrow-Repay.md
[2026年 02月 03日 星期二 15:08:38 CST] SUCCESS: /data/downloads/wallet/binance-margin_trading-api-docs/html/docs/zh-CN/margin_trading/borrow-and-repay/Query-Margin-Interest-Rate-History.html -> /data/downloads/wallet/binance-margin_trading-api-docs/markdown/docs/zh-CN/margin_trading/borrow-and-repay/Query-Margin-Interest-Rate-History.md
[2026年 02月 03日 星期二 15:08:38 CST] SUCCESS: /data/downloads/wallet/binance-margin_trading-api-docs/html/docs/zh-CN/margin_trading/transfer/Get-Cross-Margin-Transfer-History.html -> /data/downloads/wallet/binance-margin_trading-api-docs/markdown/docs/zh-CN/margin_trading/transfer/Get-Cross-Margin-Transfer-History.md
[2026年 02月 03日 星期二 15:08:38 CST] SUCCESS: /data/downloads/wallet/binance-margin_trading-api-docs/html/docs/zh-CN/margin_trading/transfer/Query-Max-Transfer-Out-Amount.html -> /data/downloads/wallet/binance-margin_trading-api-docs/markdown/docs/zh-CN/margin_trading/transfer/Query-Max-Transfer-Out-Amount.md
[2026年 02月 03日 星期二 15:08:38 CST] SKIPPED (up-to-date): /data/downloads/wallet/binance-margin_trading-api-docs/html/docs/zh-CN/margin_trading/borrow-and-repay.html
[2026年 02月 03日 星期二 15:08:38 CST] SUCCESS: /data/downloads/wallet/binance-margin_trading-api-docs/html/docs/zh-CN/margin_trading/trade-data-stream/Event-Balance-Update.html -> /data/downloads/wallet/binance-margin_trading-api-docs/markdown/docs/zh-CN/margin_trading/trade-data-stream/Event-Balance-Update.md
[2026年 02月 03日 星期二 15:08:38 CST] SUCCESS: /data/downloads/wallet/binance-margin_trading-api-docs/html/docs/zh-CN/margin_trading/trade-data-stream/Listen-Token-Websocket-API.html -> /data/downloads/wallet/binance-margin_trading-api-docs/markdown/docs/zh-CN/margin_trading/trade-data-stream/Listen-Token-Websocket-API.md
[2026年 02月 03日 星期二 15:08:38 CST] SUCCESS: /data/downloads/wallet/binance-margin_trading-api-docs/html/docs/zh-CN/margin_trading/trade-data-stream/Event-Account-Update.html -> /data/downloads/wallet/binance-margin_trading-api-docs/markdown/docs/zh-CN/margin_trading/trade-data-stream/Event-Account-Update.md
[2026年 02月 03日 星期二 15:08:38 CST] SUCCESS: /data/downloads/wallet/binance-margin_trading-api-docs/html/docs/zh-CN/margin_trading/trade-data-stream/Event-Order-Update.html -> /data/downloads/wallet/binance-margin_trading-api-docs/markdown/docs/zh-CN/margin_trading/trade-data-stream/Event-Order-Update.md
[2026年 02月 03日 星期二 15:08:38 CST] SKIPPED (up-to-date): /data/downloads/wallet/binance-margin_trading-api-docs/html/docs/zh-CN/margin_trading/trade-data-stream.html
[2026年 02月 03日 星期二 15:08:38 CST] SUCCESS: /data/downloads/wallet/binance-margin_trading-api-docs/html/docs/zh-CN/margin_trading/trade/Get-Small-Liability-Exchange-History.html -> /data/downloads/wallet/binance-margin_trading-api-docs/markdown/docs/zh-CN/margin_trading/trade/Get-Small-Liability-Exchange-History.md
[2026年 02月 03日 星期二 15:08:38 CST] SUCCESS: /data/downloads/wallet/binance-margin_trading-api-docs/html/docs/zh-CN/margin_trading/trade/Margin-Account-New-OTOCO.html -> /data/downloads/wallet/binance-margin_trading-api-docs/markdown/docs/zh-CN/margin_trading/trade/Margin-Account-New-OTOCO.md
[2026年 02月 03日 星期二 15:08:38 CST] SUCCESS: /data/downloads/wallet/binance-margin_trading-api-docs/html/docs/zh-CN/margin_trading/trade/Query-Special-Key-List-of-Low-Latency-Trading.html -> /data/downloads/wallet/binance-margin_trading-api-docs/markdown/docs/zh-CN/margin_trading/trade/Query-Special-Key-List-of-Low-Latency-Trading.md
[2026年 02月 03日 星期二 15:08:38 CST] SUCCESS: /data/downloads/wallet/binance-margin_trading-api-docs/html/docs/zh-CN/margin_trading/trade/Margin-Account-Cancel-Order.html -> /data/downloads/wallet/binance-margin_trading-api-docs/markdown/docs/zh-CN/margin_trading/trade/Margin-Account-Cancel-Order.md
[2026年 02月 03日 星期二 15:08:38 CST] SUCCESS: /data/downloads/wallet/binance-margin_trading-api-docs/html/docs/zh-CN/margin_trading/trade/Margin-Account-New-OTO.html -> /data/downloads/wallet/binance-margin_trading-api-docs/markdown/docs/zh-CN/margin_trading/trade/Margin-Account-New-OTO.md
[2026年 02月 03日 星期二 15:08:38 CST] SUCCESS: /data/downloads/wallet/binance-margin_trading-api-docs/html/docs/zh-CN/margin_trading/trade/Query-Margin-Account-All-Orders.html -> /data/downloads/wallet/binance-margin_trading-api-docs/markdown/docs/zh-CN/margin_trading/trade/Query-Margin-Account-All-Orders.md
[2026年 02月 03日 星期二 15:08:38 CST] SUCCESS: /data/downloads/wallet/binance-margin_trading-api-docs/html/docs/zh-CN/margin_trading/trade/Delete-Special-Key-of-Low-Latency-Trading.html -> /data/downloads/wallet/binance-margin_trading-api-docs/markdown/docs/zh-CN/margin_trading/trade/Delete-Special-Key-of-Low-Latency-Trading.md
[2026年 02月 03日 星期二 15:08:38 CST] SUCCESS: /data/downloads/wallet/binance-margin_trading-api-docs/html/docs/zh-CN/margin_trading/trade/Query-Margin-Account-All-OCO.html -> /data/downloads/wallet/binance-margin_trading-api-docs/markdown/docs/zh-CN/margin_trading/trade/Query-Margin-Account-All-OCO.md
[2026年 02月 03日 星期二 15:08:38 CST] SUCCESS: /data/downloads/wallet/binance-margin_trading-api-docs/html/docs/zh-CN/margin_trading/trade/Query-Margin-Account-Order.html -> /data/downloads/wallet/binance-margin_trading-api-docs/markdown/docs/zh-CN/margin_trading/trade/Query-Margin-Account-Order.md
[2026年 02月 03日 星期二 15:08:38 CST] SUCCESS: /data/downloads/wallet/binance-margin_trading-api-docs/html/docs/zh-CN/margin_trading/trade/Query-Margin-Account-Open-OCO.html -> /data/downloads/wallet/binance-margin_trading-api-docs/markdown/docs/zh-CN/margin_trading/trade/Query-Margin-Account-Open-OCO.md
[2026年 02月 03日 星期二 15:08:38 CST] SUCCESS: /data/downloads/wallet/binance-margin_trading-api-docs/html/docs/zh-CN/margin_trading/trade/Small-Liability-Exchange.html -> /data/downloads/wallet/binance-margin_trading-api-docs/markdown/docs/zh-CN/margin_trading/trade/Small-Liability-Exchange.md
[2026年 02月 03日 星期二 15:08:38 CST] SUCCESS: /data/downloads/wallet/binance-margin_trading-api-docs/html/docs/zh-CN/margin_trading/trade/Edit-ip-for-Special-Key-of-Low-Latency-Trading.html -> /data/downloads/wallet/binance-margin_trading-api-docs/markdown/docs/zh-CN/margin_trading/trade/Edit-ip-for-Special-Key-of-Low-Latency-Trading.md
[2026年 02月 03日 星期二 15:08:38 CST] SUCCESS: /data/downloads/wallet/binance-margin_trading-api-docs/html/docs/zh-CN/margin_trading/trade/Create-Special-Key-of-Low-Latency-Trading.html -> /data/downloads/wallet/binance-margin_trading-api-docs/markdown/docs/zh-CN/margin_trading/trade/Create-Special-Key-of-Low-Latency-Trading.md
[2026年 02月 03日 星期二 15:08:38 CST] SUCCESS: /data/downloads/wallet/binance-margin_trading-api-docs/html/docs/zh-CN/margin_trading/trade/Margin-Account-Cancel-All-Open-Orders.html -> /data/downloads/wallet/binance-margin_trading-api-docs/markdown/docs/zh-CN/margin_trading/trade/Margin-Account-Cancel-All-Open-Orders.md
[2026年 02月 03日 星期二 15:08:38 CST] SUCCESS: /data/downloads/wallet/binance-margin_trading-api-docs/html/docs/zh-CN/margin_trading/trade/Query-Margin-Account-Open-Orders.html -> /data/downloads/wallet/binance-margin_trading-api-docs/markdown/docs/zh-CN/margin_trading/trade/Query-Margin-Account-Open-Orders.md
[2026年 02月 03日 星期二 15:08:38 CST] SUCCESS: /data/downloads/wallet/binance-margin_trading-api-docs/html/docs/zh-CN/margin_trading/trade/Get-Small-Liability-Exchange-Coin-List.html -> /data/downloads/wallet/binance-margin_trading-api-docs/markdown/docs/zh-CN/margin_trading/trade/Get-Small-Liability-Exchange-Coin-List.md
[2026年 02月 03日 星期二 15:08:38 CST] SUCCESS: /data/downloads/wallet/binance-margin_trading-api-docs/html/docs/zh-CN/margin_trading/trade/Margin-Account-New-Order.html -> /data/downloads/wallet/binance-margin_trading-api-docs/markdown/docs/zh-CN/margin_trading/trade/Margin-Account-New-Order.md
[2026年 02月 03日 星期二 15:08:38 CST] SUCCESS: /data/downloads/wallet/binance-margin_trading-api-docs/html/docs/zh-CN/margin_trading/trade/Query-Special-Key-of-Low-Latency-Trading.html -> /data/downloads/wallet/binance-margin_trading-api-docs/markdown/docs/zh-CN/margin_trading/trade/Query-Special-Key-of-Low-Latency-Trading.md
[2026年 02月 03日 星期二 15:08:38 CST] SUCCESS: /data/downloads/wallet/binance-margin_trading-api-docs/html/docs/zh-CN/margin_trading/trade/Margin-Manual-Liquidation.html -> /data/downloads/wallet/binance-margin_trading-api-docs/markdown/docs/zh-CN/margin_trading/trade/Margin-Manual-Liquidation.md
[2026年 02月 03日 星期二 15:08:38 CST] SUCCESS: /data/downloads/wallet/binance-margin_trading-api-docs/html/docs/zh-CN/margin_trading/trade/Margin-Account-New-OCO.html -> /data/downloads/wallet/binance-margin_trading-api-docs/markdown/docs/zh-CN/margin_trading/trade/Margin-Account-New-OCO.md
[2026年 02月 03日 星期二 15:08:38 CST] SUCCESS: /data/downloads/wallet/binance-margin_trading-api-docs/html/docs/zh-CN/margin_trading/trade/Query-Current-Margin-Order-Count-Usage.html -> /data/downloads/wallet/binance-margin_trading-api-docs/markdown/docs/zh-CN/margin_trading/trade/Query-Current-Margin-Order-Count-Usage.md
[2026年 02月 03日 星期二 15:08:38 CST] SUCCESS: /data/downloads/wallet/binance-margin_trading-api-docs/html/docs/zh-CN/margin_trading/trade/Query-Margin-Account-Trade-List.html -> /data/downloads/wallet/binance-margin_trading-api-docs/markdown/docs/zh-CN/margin_trading/trade/Query-Margin-Account-Trade-List.md
[2026年 02月 03日 星期二 15:08:38 CST] SUCCESS: /data/downloads/wallet/binance-margin_trading-api-docs/html/docs/zh-CN/margin_trading/trade/Margin-Account-Cancel-OCO.html -> /data/downloads/wallet/binance-margin_trading-api-docs/markdown/docs/zh-CN/margin_trading/trade/Margin-Account-Cancel-OCO.md
[2026年 02月 03日 星期二 15:08:38 CST] SUCCESS: /data/downloads/wallet/binance-margin_trading-api-docs/html/docs/zh-CN/margin_trading/trade/Query-Margin-Account-OCO.html -> /data/downloads/wallet/binance-margin_trading-api-docs/markdown/docs/zh-CN/margin_trading/trade/Query-Margin-Account-OCO.md
[2026年 02月 03日 星期二 15:08:38 CST] SUCCESS: /data/downloads/wallet/binance-margin_trading-api-docs/html/docs/zh-CN/margin_trading/trade/Get-Force-Liquidation-Record.html -> /data/downloads/wallet/binance-margin_trading-api-docs/markdown/docs/zh-CN/margin_trading/trade/Get-Force-Liquidation-Record.md
[2026年 02月 03日 星期二 15:08:38 CST] SUCCESS: /data/downloads/wallet/binance-margin_trading-api-docs/html/docs/zh-CN/margin_trading/risk-data-stream/Event-Liability-Update.html -> /data/downloads/wallet/binance-margin_trading-api-docs/markdown/docs/zh-CN/margin_trading/risk-data-stream/Event-Liability-Update.md
[2026年 02月 03日 星期二 15:08:38 CST] SUCCESS: /data/downloads/wallet/binance-margin_trading-api-docs/html/docs/zh-CN/margin_trading/risk-data-stream/Event-Margin-Call.html -> /data/downloads/wallet/binance-margin_trading-api-docs/markdown/docs/zh-CN/margin_trading/risk-data-stream/Event-Margin-Call.md
[2026年 02月 03日 星期二 15:08:38 CST] SUCCESS: /data/downloads/wallet/binance-margin_trading-api-docs/html/docs/zh-CN/margin_trading/risk-data-stream/Connect.html -> /data/downloads/wallet/binance-margin_trading-api-docs/markdown/docs/zh-CN/margin_trading/risk-data-stream/Connect.md
[2026年 02月 03日 星期二 15:08:38 CST] SUCCESS: /data/downloads/wallet/binance-margin_trading-api-docs/html/docs/zh-CN/margin_trading/risk-data-stream/Start-User-Data-Stream.html -> /data/downloads/wallet/binance-margin_trading-api-docs/markdown/docs/zh-CN/margin_trading/risk-data-stream/Start-User-Data-Stream.md
[2026年 02月 03日 星期二 15:08:38 CST] SUCCESS: /data/downloads/wallet/binance-margin_trading-api-docs/html/docs/zh-CN/margin_trading/risk-data-stream/Keepalive-User-Data-Stream.html -> /data/downloads/wallet/binance-margin_trading-api-docs/markdown/docs/zh-CN/margin_trading/risk-data-stream/Keepalive-User-Data-Stream.md
[2026年 02月 03日 星期二 15:08:38 CST] SUCCESS: /data/downloads/wallet/binance-margin_trading-api-docs/html/docs/zh-CN/margin_trading/risk-data-stream/Close-User-Data-Stream.html -> /data/downloads/wallet/binance-margin_trading-api-docs/markdown/docs/zh-CN/margin_trading/risk-data-stream/Close-User-Data-Stream.md
[2026年 02月 03日 星期二 15:08:38 CST] SKIPPED (up-to-date): /data/downloads/wallet/binance-margin_trading-api-docs/html/docs/zh-CN/margin_trading/trade.html
[2026年 02月 03日 星期二 15:08:38 CST] SKIPPED (up-to-date): /data/downloads/wallet/binance-margin_trading-api-docs/html/docs/zh-CN/margin_trading/risk-data-stream.html
[2026年 02月 03日 星期二 15:08:38 CST] SUCCESS: /data/downloads/wallet/binance-margin_trading-api-docs/html/docs/zh-CN/margin_trading/common-definition.html -> /data/downloads/wallet/binance-margin_trading-api-docs/markdown/docs/zh-CN/margin_trading/common-definition.md
[2026年 02月 03日 星期二 15:08:38 CST] SUCCESS: /data/downloads/wallet/binance-margin_trading-api-docs/html/docs/zh-CN/margin_trading/market-data/Query-Isolated-Margin-Tier-Data.html -> /data/downloads/wallet/binance-margin_trading-api-docs/markdown/docs/zh-CN/margin_trading/market-data/Query-Isolated-Margin-Tier-Data.md
[2026年 02月 03日 星期二 15:08:38 CST] SUCCESS: /data/downloads/wallet/binance-margin_trading-api-docs/html/docs/zh-CN/margin_trading/market-data/Get-All-Margin-Assets.html -> /data/downloads/wallet/binance-margin_trading-api-docs/markdown/docs/zh-CN/margin_trading/market-data/Get-All-Margin-Assets.md
[2026年 02月 03日 星期二 15:08:38 CST] SUCCESS: /data/downloads/wallet/binance-margin_trading-api-docs/html/docs/zh-CN/margin_trading/market-data/Get-Delist-Schedule.html -> /data/downloads/wallet/binance-margin_trading-api-docs/markdown/docs/zh-CN/margin_trading/market-data/Get-Delist-Schedule.md
[2026年 02月 03日 星期二 15:08:38 CST] SUCCESS: /data/downloads/wallet/binance-margin_trading-api-docs/html/docs/zh-CN/margin_trading/market-data/Get-Margin-Asset-Risk-Based-Liquidation-Ratio.html -> /data/downloads/wallet/binance-margin_trading-api-docs/markdown/docs/zh-CN/margin_trading/market-data/Get-Margin-Asset-Risk-Based-Liquidation-Ratio.md
[2026年 02月 03日 星期二 15:08:38 CST] SUCCESS: /data/downloads/wallet/binance-margin_trading-api-docs/html/docs/zh-CN/margin_trading/market-data/Query-margin-avaliable-inventory.html -> /data/downloads/wallet/binance-margin_trading-api-docs/markdown/docs/zh-CN/margin_trading/market-data/Query-margin-avaliable-inventory.md
[2026年 02月 03日 星期二 15:08:38 CST] SUCCESS: /data/downloads/wallet/binance-margin_trading-api-docs/html/docs/zh-CN/margin_trading/market-data/Get-All-Isolated-Margin-Symbol.html -> /data/downloads/wallet/binance-margin_trading-api-docs/markdown/docs/zh-CN/margin_trading/market-data/Get-All-Isolated-Margin-Symbol.md
[2026年 02月 03日 星期二 15:08:38 CST] SUCCESS: /data/downloads/wallet/binance-margin_trading-api-docs/html/docs/zh-CN/margin_trading/market-data/Get-List-Schedule.html -> /data/downloads/wallet/binance-margin_trading-api-docs/markdown/docs/zh-CN/margin_trading/market-data/Get-List-Schedule.md
[2026年 02月 03日 星期二 15:08:38 CST] SUCCESS: /data/downloads/wallet/binance-margin_trading-api-docs/html/docs/zh-CN/margin_trading/market-data/Get-Limit-Price-Pairs.html -> /data/downloads/wallet/binance-margin_trading-api-docs/markdown/docs/zh-CN/margin_trading/market-data/Get-Limit-Price-Pairs.md
[2026年 02月 03日 星期二 15:08:38 CST] SUCCESS: /data/downloads/wallet/binance-margin_trading-api-docs/html/docs/zh-CN/margin_trading/market-data/Cross-margin-collateral-ratio.html -> /data/downloads/wallet/binance-margin_trading-api-docs/markdown/docs/zh-CN/margin_trading/market-data/Cross-margin-collateral-ratio.md
[2026年 02月 03日 星期二 15:08:38 CST] SUCCESS: /data/downloads/wallet/binance-margin_trading-api-docs/html/docs/zh-CN/margin_trading/market-data/Query-Liability-Coin-Leverage-Bracket-in-Cross-Margin-Pro-Mode.html -> /data/downloads/wallet/binance-margin_trading-api-docs/markdown/docs/zh-CN/margin_trading/market-data/Query-Liability-Coin-Leverage-Bracket-in-Cross-Margin-Pro-Mode.md
[2026年 02月 03日 星期二 15:08:38 CST] SUCCESS: /data/downloads/wallet/binance-margin_trading-api-docs/html/docs/zh-CN/margin_trading/market-data/Query-Margin-PriceIndex.html -> /data/downloads/wallet/binance-margin_trading-api-docs/markdown/docs/zh-CN/margin_trading/market-data/Query-Margin-PriceIndex.md
[2026年 02月 03日 星期二 15:08:38 CST] SUCCESS: /data/downloads/wallet/binance-margin_trading-api-docs/html/docs/zh-CN/margin_trading/market-data/Get-All-Cross-Margin-Pairs.html -> /data/downloads/wallet/binance-margin_trading-api-docs/markdown/docs/zh-CN/margin_trading/market-data/Get-All-Cross-Margin-Pairs.md
[2026年 02月 03日 星期二 15:08:38 CST] SUCCESS: /data/downloads/wallet/binance-margin_trading-api-docs/html/docs/zh-CN/margin_trading/error-code.html -> /data/downloads/wallet/binance-margin_trading-api-docs/markdown/docs/zh-CN/margin_trading/error-code.md
[2026年 02月 03日 星期二 15:08:38 CST] SUCCESS: /data/downloads/wallet/binance-margin_trading-api-docs/html/docs/zh-CN/margin_trading/change-log.html -> /data/downloads/wallet/binance-margin_trading-api-docs/markdown/docs/zh-CN/margin_trading/change-log.md
[2026年 02月 03日 星期二 15:08:38 CST] SUCCESS: /data/downloads/wallet/binance-margin_trading-api-docs/html/docs/zh-CN/margin_trading/best-practice.html -> /data/downloads/wallet/binance-margin_trading-api-docs/markdown/docs/zh-CN/margin_trading/best-practice.md
[2026年 02月 03日 星期二 15:08:38 CST] SUCCESS: /data/downloads/wallet/binance-margin_trading-api-docs/html/docs/zh-CN/margin_trading/general-info.html -> /data/downloads/wallet/binance-margin_trading-api-docs/markdown/docs/zh-CN/margin_trading/general-info.md
[2026年 02月 03日 星期二 15:08:38 CST] SUCCESS: /data/downloads/wallet/binance-margin_trading-api-docs/html/docs/zh-CN/margin_trading/Introduction.html -> /data/downloads/wallet/binance-margin_trading-api-docs/markdown/docs/zh-CN/margin_trading/Introduction.md
[2026年 02月 03日 星期二 15:08:38 CST] SKIPPED (up-to-date): /data/downloads/wallet/binance-margin_trading-api-docs/html/docs/zh-CN/margin_trading/transfer.html
[2026年 02月 03日 星期二 15:08:38 CST] SKIPPED (up-to-date): /data/downloads/wallet/binance-margin_trading-api-docs/html/docs/zh-CN/margin_trading/account.html
=== 转换日志 - 2026年 02月 03日 星期二 15:10:29 CST ===
[2026年 02月 03日 星期二 15:13:58 CST] SKIPPED (up-to-date): /data/downloads/wallet/binance-margin_trading-api-docs/html/docs/zh-CN/margin_trading/market-data.html
[2026年 02月 03日 星期二 15:13:58 CST] SUCCESS: /data/downloads/wallet/binance-margin_trading-api-docs/html/docs/zh-CN/margin_trading/account/Disable-Isolated-Margin-Account.html -> /data/downloads/wallet/binance-margin_trading-api-docs/markdown/docs/zh-CN/margin_trading/account/Disable-Isolated-Margin-Account.md
[2026年 02月 03日 星期二 15:13:58 CST] SUCCESS: /data/downloads/wallet/binance-margin_trading-api-docs/html/docs/zh-CN/margin_trading/account/Query-Cross-Isolated-Margin-Capital-Flow.html -> /data/downloads/wallet/binance-margin_trading-api-docs/markdown/docs/zh-CN/margin_trading/account/Query-Cross-Isolated-Margin-Capital-Flow.md
[2026年 02月 03日 星期二 15:13:58 CST] SUCCESS: /data/downloads/wallet/binance-margin_trading-api-docs/html/docs/zh-CN/margin_trading/account/Query-Enabled-Isolated-Margin-Account-Limit.html -> /data/downloads/wallet/binance-margin_trading-api-docs/markdown/docs/zh-CN/margin_trading/account/Query-Enabled-Isolated-Margin-Account-Limit.md
[2026年 02月 03日 星期二 15:13:58 CST] SUCCESS: /data/downloads/wallet/binance-margin_trading-api-docs/html/docs/zh-CN/margin_trading/account/Get-Summary-Of-Margin-Account.html -> /data/downloads/wallet/binance-margin_trading-api-docs/markdown/docs/zh-CN/margin_trading/account/Get-Summary-Of-Margin-Account.md
[2026年 02月 03日 星期二 15:13:58 CST] SUCCESS: /data/downloads/wallet/binance-margin_trading-api-docs/html/docs/zh-CN/margin_trading/account/Query-Isolated-Margin-Fee-Data.html -> /data/downloads/wallet/binance-margin_trading-api-docs/markdown/docs/zh-CN/margin_trading/account/Query-Isolated-Margin-Fee-Data.md
[2026年 02月 03日 星期二 15:13:58 CST] SUCCESS: /data/downloads/wallet/binance-margin_trading-api-docs/html/docs/zh-CN/margin_trading/account/Query-Cross-Margin-Fee-Data.html -> /data/downloads/wallet/binance-margin_trading-api-docs/markdown/docs/zh-CN/margin_trading/account/Query-Cross-Margin-Fee-Data.md
[2026年 02月 03日 星期二 15:13:58 CST] SUCCESS: /data/downloads/wallet/binance-margin_trading-api-docs/html/docs/zh-CN/margin_trading/account/Adjust-Cross-Margin-Max-Leverage.html -> /data/downloads/wallet/binance-margin_trading-api-docs/markdown/docs/zh-CN/margin_trading/account/Adjust-Cross-Margin-Max-Leverage.md
[2026年 02月 03日 星期二 15:13:58 CST] SUCCESS: /data/downloads/wallet/binance-margin_trading-api-docs/html/docs/zh-CN/margin_trading/account/Get-BNB-Burn-Status.html -> /data/downloads/wallet/binance-margin_trading-api-docs/markdown/docs/zh-CN/margin_trading/account/Get-BNB-Burn-Status.md
[2026年 02月 03日 星期二 15:13:58 CST] SUCCESS: /data/downloads/wallet/binance-margin_trading-api-docs/html/docs/zh-CN/margin_trading/account/Enable-Isolated-Margin-Account.html -> /data/downloads/wallet/binance-margin_trading-api-docs/markdown/docs/zh-CN/margin_trading/account/Enable-Isolated-Margin-Account.md
[2026年 02月 03日 星期二 15:13:58 CST] SUCCESS: /data/downloads/wallet/binance-margin_trading-api-docs/html/docs/zh-CN/margin_trading/account/Query-Cross-Margin-Account-Details.html -> /data/downloads/wallet/binance-margin_trading-api-docs/markdown/docs/zh-CN/margin_trading/account/Query-Cross-Margin-Account-Details.md
[2026年 02月 03日 星期二 15:13:58 CST] SUCCESS: /data/downloads/wallet/binance-margin_trading-api-docs/html/docs/zh-CN/margin_trading/account/Query-Isolated-Margin-Account-Info.html -> /data/downloads/wallet/binance-margin_trading-api-docs/markdown/docs/zh-CN/margin_trading/account/Query-Isolated-Margin-Account-Info.md
[2026年 02月 03日 星期二 15:13:58 CST] SUCCESS: /data/downloads/wallet/binance-margin_trading-api-docs/html/docs/zh-CN/margin_trading/borrow-and-repay/Margin-Account-Borrow-Repay.html -> /data/downloads/wallet/binance-margin_trading-api-docs/markdown/docs/zh-CN/margin_trading/borrow-and-repay/Margin-Account-Borrow-Repay.md
[2026年 02月 03日 星期二 15:13:58 CST] SUCCESS: /data/downloads/wallet/binance-margin_trading-api-docs/html/docs/zh-CN/margin_trading/borrow-and-repay/Query-Max-Borrow.html -> /data/downloads/wallet/binance-margin_trading-api-docs/markdown/docs/zh-CN/margin_trading/borrow-and-repay/Query-Max-Borrow.md
[2026年 02月 03日 星期二 15:13:58 CST] SUCCESS: /data/downloads/wallet/binance-margin_trading-api-docs/html/docs/zh-CN/margin_trading/borrow-and-repay/Get-a-future-hourly-interest-rate.html -> /data/downloads/wallet/binance-margin_trading-api-docs/markdown/docs/zh-CN/margin_trading/borrow-and-repay/Get-a-future-hourly-interest-rate.md
[2026年 02月 03日 星期二 15:13:58 CST] SUCCESS: /data/downloads/wallet/binance-margin_trading-api-docs/html/docs/zh-CN/margin_trading/borrow-and-repay/Get-Interest-History.html -> /data/downloads/wallet/binance-margin_trading-api-docs/markdown/docs/zh-CN/margin_trading/borrow-and-repay/Get-Interest-History.md
[2026年 02月 03日 星期二 15:13:58 CST] SUCCESS: /data/downloads/wallet/binance-margin_trading-api-docs/html/docs/zh-CN/margin_trading/borrow-and-repay/Query-Borrow-Repay.html -> /data/downloads/wallet/binance-margin_trading-api-docs/markdown/docs/zh-CN/margin_trading/borrow-and-repay/Query-Borrow-Repay.md
[2026年 02月 03日 星期二 15:13:58 CST] SUCCESS: /data/downloads/wallet/binance-margin_trading-api-docs/html/docs/zh-CN/margin_trading/borrow-and-repay/Query-Margin-Interest-Rate-History.html -> /data/downloads/wallet/binance-margin_trading-api-docs/markdown/docs/zh-CN/margin_trading/borrow-and-repay/Query-Margin-Interest-Rate-History.md
[2026年 02月 03日 星期二 15:13:58 CST] SUCCESS: /data/downloads/wallet/binance-margin_trading-api-docs/html/docs/zh-CN/margin_trading/transfer/Get-Cross-Margin-Transfer-History.html -> /data/downloads/wallet/binance-margin_trading-api-docs/markdown/docs/zh-CN/margin_trading/transfer/Get-Cross-Margin-Transfer-History.md
[2026年 02月 03日 星期二 15:13:58 CST] SUCCESS: /data/downloads/wallet/binance-margin_trading-api-docs/html/docs/zh-CN/margin_trading/transfer/Query-Max-Transfer-Out-Amount.html -> /data/downloads/wallet/binance-margin_trading-api-docs/markdown/docs/zh-CN/margin_trading/transfer/Query-Max-Transfer-Out-Amount.md
[2026年 02月 03日 星期二 15:13:58 CST] SKIPPED (up-to-date): /data/downloads/wallet/binance-margin_trading-api-docs/html/docs/zh-CN/margin_trading/borrow-and-repay.html
[2026年 02月 03日 星期二 15:13:58 CST] SUCCESS: /data/downloads/wallet/binance-margin_trading-api-docs/html/docs/zh-CN/margin_trading/trade-data-stream/Event-Balance-Update.html -> /data/downloads/wallet/binance-margin_trading-api-docs/markdown/docs/zh-CN/margin_trading/trade-data-stream/Event-Balance-Update.md
[2026年 02月 03日 星期二 15:13:58 CST] SUCCESS: /data/downloads/wallet/binance-margin_trading-api-docs/html/docs/zh-CN/margin_trading/trade-data-stream/Listen-Token-Websocket-API.html -> /data/downloads/wallet/binance-margin_trading-api-docs/markdown/docs/zh-CN/margin_trading/trade-data-stream/Listen-Token-Websocket-API.md
[2026年 02月 03日 星期二 15:13:58 CST] SUCCESS: /data/downloads/wallet/binance-margin_trading-api-docs/html/docs/zh-CN/margin_trading/trade-data-stream/Event-Account-Update.html -> /data/downloads/wallet/binance-margin_trading-api-docs/markdown/docs/zh-CN/margin_trading/trade-data-stream/Event-Account-Update.md
[2026年 02月 03日 星期二 15:13:58 CST] SUCCESS: /data/downloads/wallet/binance-margin_trading-api-docs/html/docs/zh-CN/margin_trading/trade-data-stream/Event-Order-Update.html -> /data/downloads/wallet/binance-margin_trading-api-docs/markdown/docs/zh-CN/margin_trading/trade-data-stream/Event-Order-Update.md
[2026年 02月 03日 星期二 15:13:58 CST] SKIPPED (up-to-date): /data/downloads/wallet/binance-margin_trading-api-docs/html/docs/zh-CN/margin_trading/trade-data-stream.html
[2026年 02月 03日 星期二 15:13:58 CST] SUCCESS: /data/downloads/wallet/binance-margin_trading-api-docs/html/docs/zh-CN/margin_trading/trade/Get-Small-Liability-Exchange-History.html -> /data/downloads/wallet/binance-margin_trading-api-docs/markdown/docs/zh-CN/margin_trading/trade/Get-Small-Liability-Exchange-History.md
[2026年 02月 03日 星期二 15:13:58 CST] SUCCESS: /data/downloads/wallet/binance-margin_trading-api-docs/html/docs/zh-CN/margin_trading/trade/Margin-Account-New-OTOCO.html -> /data/downloads/wallet/binance-margin_trading-api-docs/markdown/docs/zh-CN/margin_trading/trade/Margin-Account-New-OTOCO.md
[2026年 02月 03日 星期二 15:13:58 CST] SUCCESS: /data/downloads/wallet/binance-margin_trading-api-docs/html/docs/zh-CN/margin_trading/trade/Query-Special-Key-List-of-Low-Latency-Trading.html -> /data/downloads/wallet/binance-margin_trading-api-docs/markdown/docs/zh-CN/margin_trading/trade/Query-Special-Key-List-of-Low-Latency-Trading.md
[2026年 02月 03日 星期二 15:13:58 CST] SUCCESS: /data/downloads/wallet/binance-margin_trading-api-docs/html/docs/zh-CN/margin_trading/trade/Margin-Account-Cancel-Order.html -> /data/downloads/wallet/binance-margin_trading-api-docs/markdown/docs/zh-CN/margin_trading/trade/Margin-Account-Cancel-Order.md
[2026年 02月 03日 星期二 15:13:58 CST] SUCCESS: /data/downloads/wallet/binance-margin_trading-api-docs/html/docs/zh-CN/margin_trading/trade/Margin-Account-New-OTO.html -> /data/downloads/wallet/binance-margin_trading-api-docs/markdown/docs/zh-CN/margin_trading/trade/Margin-Account-New-OTO.md
[2026年 02月 03日 星期二 15:13:58 CST] SUCCESS: /data/downloads/wallet/binance-margin_trading-api-docs/html/docs/zh-CN/margin_trading/trade/Query-Margin-Account-All-Orders.html -> /data/downloads/wallet/binance-margin_trading-api-docs/markdown/docs/zh-CN/margin_trading/trade/Query-Margin-Account-All-Orders.md
[2026年 02月 03日 星期二 15:13:58 CST] SUCCESS: /data/downloads/wallet/binance-margin_trading-api-docs/html/docs/zh-CN/margin_trading/trade/Delete-Special-Key-of-Low-Latency-Trading.html -> /data/downloads/wallet/binance-margin_trading-api-docs/markdown/docs/zh-CN/margin_trading/trade/Delete-Special-Key-of-Low-Latency-Trading.md
[2026年 02月 03日 星期二 15:13:58 CST] SUCCESS: /data/downloads/wallet/binance-margin_trading-api-docs/html/docs/zh-CN/margin_trading/trade/Query-Margin-Account-All-OCO.html -> /data/downloads/wallet/binance-margin_trading-api-docs/markdown/docs/zh-CN/margin_trading/trade/Query-Margin-Account-All-OCO.md
[2026年 02月 03日 星期二 15:13:58 CST] SUCCESS: /data/downloads/wallet/binance-margin_trading-api-docs/html/docs/zh-CN/margin_trading/trade/Query-Margin-Account-Order.html -> /data/downloads/wallet/binance-margin_trading-api-docs/markdown/docs/zh-CN/margin_trading/trade/Query-Margin-Account-Order.md
[2026年 02月 03日 星期二 15:13:58 CST] SUCCESS: /data/downloads/wallet/binance-margin_trading-api-docs/html/docs/zh-CN/margin_trading/trade/Query-Margin-Account-Open-OCO.html -> /data/downloads/wallet/binance-margin_trading-api-docs/markdown/docs/zh-CN/margin_trading/trade/Query-Margin-Account-Open-OCO.md
[2026年 02月 03日 星期二 15:13:58 CST] SUCCESS: /data/downloads/wallet/binance-margin_trading-api-docs/html/docs/zh-CN/margin_trading/trade/Small-Liability-Exchange.html -> /data/downloads/wallet/binance-margin_trading-api-docs/markdown/docs/zh-CN/margin_trading/trade/Small-Liability-Exchange.md
[2026年 02月 03日 星期二 15:13:58 CST] SUCCESS: /data/downloads/wallet/binance-margin_trading-api-docs/html/docs/zh-CN/margin_trading/trade/Edit-ip-for-Special-Key-of-Low-Latency-Trading.html -> /data/downloads/wallet/binance-margin_trading-api-docs/markdown/docs/zh-CN/margin_trading/trade/Edit-ip-for-Special-Key-of-Low-Latency-Trading.md
[2026年 02月 03日 星期二 15:13:58 CST] SUCCESS: /data/downloads/wallet/binance-margin_trading-api-docs/html/docs/zh-CN/margin_trading/trade/Create-Special-Key-of-Low-Latency-Trading.html -> /data/downloads/wallet/binance-margin_trading-api-docs/markdown/docs/zh-CN/margin_trading/trade/Create-Special-Key-of-Low-Latency-Trading.md
[2026年 02月 03日 星期二 15:13:58 CST] SUCCESS: /data/downloads/wallet/binance-margin_trading-api-docs/html/docs/zh-CN/margin_trading/trade/Margin-Account-Cancel-All-Open-Orders.html -> /data/downloads/wallet/binance-margin_trading-api-docs/markdown/docs/zh-CN/margin_trading/trade/Margin-Account-Cancel-All-Open-Orders.md
[2026年 02月 03日 星期二 15:13:58 CST] SUCCESS: /data/downloads/wallet/binance-margin_trading-api-docs/html/docs/zh-CN/margin_trading/trade/Query-Margin-Account-Open-Orders.html -> /data/downloads/wallet/binance-margin_trading-api-docs/markdown/docs/zh-CN/margin_trading/trade/Query-Margin-Account-Open-Orders.md
[2026年 02月 03日 星期二 15:13:58 CST] SUCCESS: /data/downloads/wallet/binance-margin_trading-api-docs/html/docs/zh-CN/margin_trading/trade/Get-Small-Liability-Exchange-Coin-List.html -> /data/downloads/wallet/binance-margin_trading-api-docs/markdown/docs/zh-CN/margin_trading/trade/Get-Small-Liability-Exchange-Coin-List.md
[2026年 02月 03日 星期二 15:13:58 CST] SUCCESS: /data/downloads/wallet/binance-margin_trading-api-docs/html/docs/zh-CN/margin_trading/trade/Margin-Account-New-Order.html -> /data/downloads/wallet/binance-margin_trading-api-docs/markdown/docs/zh-CN/margin_trading/trade/Margin-Account-New-Order.md
[2026年 02月 03日 星期二 15:13:58 CST] SUCCESS: /data/downloads/wallet/binance-margin_trading-api-docs/html/docs/zh-CN/margin_trading/trade/Query-Special-Key-of-Low-Latency-Trading.html -> /data/downloads/wallet/binance-margin_trading-api-docs/markdown/docs/zh-CN/margin_trading/trade/Query-Special-Key-of-Low-Latency-Trading.md
[2026年 02月 03日 星期二 15:13:58 CST] SUCCESS: /data/downloads/wallet/binance-margin_trading-api-docs/html/docs/zh-CN/margin_trading/trade/Margin-Manual-Liquidation.html -> /data/downloads/wallet/binance-margin_trading-api-docs/markdown/docs/zh-CN/margin_trading/trade/Margin-Manual-Liquidation.md
[2026年 02月 03日 星期二 15:13:58 CST] SUCCESS: /data/downloads/wallet/binance-margin_trading-api-docs/html/docs/zh-CN/margin_trading/trade/Margin-Account-New-OCO.html -> /data/downloads/wallet/binance-margin_trading-api-docs/markdown/docs/zh-CN/margin_trading/trade/Margin-Account-New-OCO.md
[2026年 02月 03日 星期二 15:13:58 CST] SUCCESS: /data/downloads/wallet/binance-margin_trading-api-docs/html/docs/zh-CN/margin_trading/trade/Query-Current-Margin-Order-Count-Usage.html -> /data/downloads/wallet/binance-margin_trading-api-docs/markdown/docs/zh-CN/margin_trading/trade/Query-Current-Margin-Order-Count-Usage.md
[2026年 02月 03日 星期二 15:13:58 CST] SUCCESS: /data/downloads/wallet/binance-margin_trading-api-docs/html/docs/zh-CN/margin_trading/trade/Query-Margin-Account-Trade-List.html -> /data/downloads/wallet/binance-margin_trading-api-docs/markdown/docs/zh-CN/margin_trading/trade/Query-Margin-Account-Trade-List.md
[2026年 02月 03日 星期二 15:13:58 CST] SUCCESS: /data/downloads/wallet/binance-margin_trading-api-docs/html/docs/zh-CN/margin_trading/trade/Margin-Account-Cancel-OCO.html -> /data/downloads/wallet/binance-margin_trading-api-docs/markdown/docs/zh-CN/margin_trading/trade/Margin-Account-Cancel-OCO.md
[2026年 02月 03日 星期二 15:13:58 CST] SUCCESS: /data/downloads/wallet/binance-margin_trading-api-docs/html/docs/zh-CN/margin_trading/trade/Query-Margin-Account-OCO.html -> /data/downloads/wallet/binance-margin_trading-api-docs/markdown/docs/zh-CN/margin_trading/trade/Query-Margin-Account-OCO.md
[2026年 02月 03日 星期二 15:13:58 CST] SUCCESS: /data/downloads/wallet/binance-margin_trading-api-docs/html/docs/zh-CN/margin_trading/trade/Get-Force-Liquidation-Record.html -> /data/downloads/wallet/binance-margin_trading-api-docs/markdown/docs/zh-CN/margin_trading/trade/Get-Force-Liquidation-Record.md
[2026年 02月 03日 星期二 15:13:58 CST] SUCCESS: /data/downloads/wallet/binance-margin_trading-api-docs/html/docs/zh-CN/margin_trading/risk-data-stream/Event-Liability-Update.html -> /data/downloads/wallet/binance-margin_trading-api-docs/markdown/docs/zh-CN/margin_trading/risk-data-stream/Event-Liability-Update.md
[2026年 02月 03日 星期二 15:13:58 CST] SUCCESS: /data/downloads/wallet/binance-margin_trading-api-docs/html/docs/zh-CN/margin_trading/risk-data-stream/Event-Margin-Call.html -> /data/downloads/wallet/binance-margin_trading-api-docs/markdown/docs/zh-CN/margin_trading/risk-data-stream/Event-Margin-Call.md
[2026年 02月 03日 星期二 15:13:58 CST] SUCCESS: /data/downloads/wallet/binance-margin_trading-api-docs/html/docs/zh-CN/margin_trading/risk-data-stream/Connect.html -> /data/downloads/wallet/binance-margin_trading-api-docs/markdown/docs/zh-CN/margin_trading/risk-data-stream/Connect.md
[2026年 02月 03日 星期二 15:13:58 CST] SUCCESS: /data/downloads/wallet/binance-margin_trading-api-docs/html/docs/zh-CN/margin_trading/risk-data-stream/Start-User-Data-Stream.html -> /data/downloads/wallet/binance-margin_trading-api-docs/markdown/docs/zh-CN/margin_trading/risk-data-stream/Start-User-Data-Stream.md
[2026年 02月 03日 星期二 15:13:58 CST] SUCCESS: /data/downloads/wallet/binance-margin_trading-api-docs/html/docs/zh-CN/margin_trading/risk-data-stream/Keepalive-User-Data-Stream.html -> /data/downloads/wallet/binance-margin_trading-api-docs/markdown/docs/zh-CN/margin_trading/risk-data-stream/Keepalive-User-Data-Stream.md
[2026年 02月 03日 星期二 15:13:58 CST] SUCCESS: /data/downloads/wallet/binance-margin_trading-api-docs/html/docs/zh-CN/margin_trading/risk-data-stream/Close-User-Data-Stream.html -> /data/downloads/wallet/binance-margin_trading-api-docs/markdown/docs/zh-CN/margin_trading/risk-data-stream/Close-User-Data-Stream.md
[2026年 02月 03日 星期二 15:13:58 CST] SKIPPED (up-to-date): /data/downloads/wallet/binance-margin_trading-api-docs/html/docs/zh-CN/margin_trading/trade.html
[2026年 02月 03日 星期二 15:13:58 CST] SKIPPED (up-to-date): /data/downloads/wallet/binance-margin_trading-api-docs/html/docs/zh-CN/margin_trading/risk-data-stream.html
[2026年 02月 03日 星期二 15:13:58 CST] SUCCESS: /data/downloads/wallet/binance-margin_trading-api-docs/html/docs/zh-CN/margin_trading/common-definition.html -> /data/downloads/wallet/binance-margin_trading-api-docs/markdown/docs/zh-CN/margin_trading/common-definition.md
[2026年 02月 03日 星期二 15:13:58 CST] SUCCESS: /data/downloads/wallet/binance-margin_trading-api-docs/html/docs/zh-CN/margin_trading/market-data/Query-Isolated-Margin-Tier-Data.html -> /data/downloads/wallet/binance-margin_trading-api-docs/markdown/docs/zh-CN/margin_trading/market-data/Query-Isolated-Margin-Tier-Data.md
[2026年 02月 03日 星期二 15:13:58 CST] SUCCESS: /data/downloads/wallet/binance-margin_trading-api-docs/html/docs/zh-CN/margin_trading/market-data/Get-All-Margin-Assets.html -> /data/downloads/wallet/binance-margin_trading-api-docs/markdown/docs/zh-CN/margin_trading/market-data/Get-All-Margin-Assets.md
[2026年 02月 03日 星期二 15:13:58 CST] SUCCESS: /data/downloads/wallet/binance-margin_trading-api-docs/html/docs/zh-CN/margin_trading/market-data/Get-Delist-Schedule.html -> /data/downloads/wallet/binance-margin_trading-api-docs/markdown/docs/zh-CN/margin_trading/market-data/Get-Delist-Schedule.md
[2026年 02月 03日 星期二 15:13:58 CST] SUCCESS: /data/downloads/wallet/binance-margin_trading-api-docs/html/docs/zh-CN/margin_trading/market-data/Get-Margin-Asset-Risk-Based-Liquidation-Ratio.html -> /data/downloads/wallet/binance-margin_trading-api-docs/markdown/docs/zh-CN/margin_trading/market-data/Get-Margin-Asset-Risk-Based-Liquidation-Ratio.md
[2026年 02月 03日 星期二 15:13:58 CST] SUCCESS: /data/downloads/wallet/binance-margin_trading-api-docs/html/docs/zh-CN/margin_trading/market-data/Query-margin-avaliable-inventory.html -> /data/downloads/wallet/binance-margin_trading-api-docs/markdown/docs/zh-CN/margin_trading/market-data/Query-margin-avaliable-inventory.md
[2026年 02月 03日 星期二 15:13:58 CST] SUCCESS: /data/downloads/wallet/binance-margin_trading-api-docs/html/docs/zh-CN/margin_trading/market-data/Get-All-Isolated-Margin-Symbol.html -> /data/downloads/wallet/binance-margin_trading-api-docs/markdown/docs/zh-CN/margin_trading/market-data/Get-All-Isolated-Margin-Symbol.md
[2026年 02月 03日 星期二 15:13:59 CST] SUCCESS: /data/downloads/wallet/binance-margin_trading-api-docs/html/docs/zh-CN/margin_trading/market-data/Get-List-Schedule.html -> /data/downloads/wallet/binance-margin_trading-api-docs/markdown/docs/zh-CN/margin_trading/market-data/Get-List-Schedule.md
[2026年 02月 03日 星期二 15:13:59 CST] SUCCESS: /data/downloads/wallet/binance-margin_trading-api-docs/html/docs/zh-CN/margin_trading/market-data/Get-Limit-Price-Pairs.html -> /data/downloads/wallet/binance-margin_trading-api-docs/markdown/docs/zh-CN/margin_trading/market-data/Get-Limit-Price-Pairs.md
[2026年 02月 03日 星期二 15:13:59 CST] SUCCESS: /data/downloads/wallet/binance-margin_trading-api-docs/html/docs/zh-CN/margin_trading/market-data/Cross-margin-collateral-ratio.html -> /data/downloads/wallet/binance-margin_trading-api-docs/markdown/docs/zh-CN/margin_trading/market-data/Cross-margin-collateral-ratio.md
[2026年 02月 03日 星期二 15:13:59 CST] SUCCESS: /data/downloads/wallet/binance-margin_trading-api-docs/html/docs/zh-CN/margin_trading/market-data/Query-Liability-Coin-Leverage-Bracket-in-Cross-Margin-Pro-Mode.html -> /data/downloads/wallet/binance-margin_trading-api-docs/markdown/docs/zh-CN/margin_trading/market-data/Query-Liability-Coin-Leverage-Bracket-in-Cross-Margin-Pro-Mode.md
[2026年 02月 03日 星期二 15:13:59 CST] SUCCESS: /data/downloads/wallet/binance-margin_trading-api-docs/html/docs/zh-CN/margin_trading/market-data/Query-Margin-PriceIndex.html -> /data/downloads/wallet/binance-margin_trading-api-docs/markdown/docs/zh-CN/margin_trading/market-data/Query-Margin-PriceIndex.md
[2026年 02月 03日 星期二 15:13:59 CST] SUCCESS: /data/downloads/wallet/binance-margin_trading-api-docs/html/docs/zh-CN/margin_trading/market-data/Get-All-Cross-Margin-Pairs.html -> /data/downloads/wallet/binance-margin_trading-api-docs/markdown/docs/zh-CN/margin_trading/market-data/Get-All-Cross-Margin-Pairs.md
[2026年 02月 03日 星期二 15:13:59 CST] SUCCESS: /data/downloads/wallet/binance-margin_trading-api-docs/html/docs/zh-CN/margin_trading/error-code.html -> /data/downloads/wallet/binance-margin_trading-api-docs/markdown/docs/zh-CN/margin_trading/error-code.md
[2026年 02月 03日 星期二 15:13:59 CST] SUCCESS: /data/downloads/wallet/binance-margin_trading-api-docs/html/docs/zh-CN/margin_trading/change-log.html -> /data/downloads/wallet/binance-margin_trading-api-docs/markdown/docs/zh-CN/margin_trading/change-log.md
[2026年 02月 03日 星期二 15:13:59 CST] SUCCESS: /data/downloads/wallet/binance-margin_trading-api-docs/html/docs/zh-CN/margin_trading/best-practice.html -> /data/downloads/wallet/binance-margin_trading-api-docs/markdown/docs/zh-CN/margin_trading/best-practice.md
[2026年 02月 03日 星期二 15:13:59 CST] SUCCESS: /data/downloads/wallet/binance-margin_trading-api-docs/html/docs/zh-CN/margin_trading/general-info.html -> /data/downloads/wallet/binance-margin_trading-api-docs/markdown/docs/zh-CN/margin_trading/general-info.md
[2026年 02月 03日 星期二 15:13:59 CST] SUCCESS: /data/downloads/wallet/binance-margin_trading-api-docs/html/docs/zh-CN/margin_trading/Introduction.html -> /data/downloads/wallet/binance-margin_trading-api-docs/markdown/docs/zh-CN/margin_trading/Introduction.md
[2026年 02月 03日 星期二 15:13:59 CST] SKIPPED (up-to-date): /data/downloads/wallet/binance-margin_trading-api-docs/html/docs/zh-CN/margin_trading/transfer.html
[2026年 02月 03日 星期二 15:13:59 CST] SKIPPED (up-to-date): /data/downloads/wallet/binance-margin_trading-api-docs/html/docs/zh-CN/margin_trading/account.html
=== 转换日志 - 2026年 02月 07日 星期六 10:35:14 CST ===
[2026年 02月 07日 星期六 10:39:25 CST] SKIPPED (up-to-date): /data/downloads/wallet/binance-margin_trading-api-docs/html/docs/zh-CN/margin_trading/market-data.html
[2026年 02月 07日 星期六 10:39:25 CST] SKIPPED (up-to-date): /data/downloads/wallet/binance-margin_trading-api-docs/html/docs/zh-CN/margin_trading/account/Disable-Isolated-Margin-Account.html
[2026年 02月 07日 星期六 10:39:25 CST] SKIPPED (up-to-date): /data/downloads/wallet/binance-margin_trading-api-docs/html/docs/zh-CN/margin_trading/account/Query-Cross-Isolated-Margin-Capital-Flow.html
[2026年 02月 07日 星期六 10:39:25 CST] SKIPPED (up-to-date): /data/downloads/wallet/binance-margin_trading-api-docs/html/docs/zh-CN/margin_trading/account/Query-Enabled-Isolated-Margin-Account-Limit.html
[2026年 02月 07日 星期六 10:39:25 CST] SKIPPED (up-to-date): /data/downloads/wallet/binance-margin_trading-api-docs/html/docs/zh-CN/margin_trading/account/Get-Summary-Of-Margin-Account.html
[2026年 02月 07日 星期六 10:39:25 CST] SKIPPED (up-to-date): /data/downloads/wallet/binance-margin_trading-api-docs/html/docs/zh-CN/margin_trading/account/Query-Isolated-Margin-Fee-Data.html
[2026年 02月 07日 星期六 10:39:25 CST] SKIPPED (up-to-date): /data/downloads/wallet/binance-margin_trading-api-docs/html/docs/zh-CN/margin_trading/account/Query-Cross-Margin-Fee-Data.html
[2026年 02月 07日 星期六 10:39:25 CST] SKIPPED (up-to-date): /data/downloads/wallet/binance-margin_trading-api-docs/html/docs/zh-CN/margin_trading/account/Adjust-Cross-Margin-Max-Leverage.html
[2026年 02月 07日 星期六 10:39:25 CST] SKIPPED (up-to-date): /data/downloads/wallet/binance-margin_trading-api-docs/html/docs/zh-CN/margin_trading/account/Get-BNB-Burn-Status.html
[2026年 02月 07日 星期六 10:39:25 CST] SKIPPED (up-to-date): /data/downloads/wallet/binance-margin_trading-api-docs/html/docs/zh-CN/margin_trading/account/Enable-Isolated-Margin-Account.html
[2026年 02月 07日 星期六 10:39:25 CST] SKIPPED (up-to-date): /data/downloads/wallet/binance-margin_trading-api-docs/html/docs/zh-CN/margin_trading/account/Query-Cross-Margin-Account-Details.html
[2026年 02月 07日 星期六 10:39:25 CST] SKIPPED (up-to-date): /data/downloads/wallet/binance-margin_trading-api-docs/html/docs/zh-CN/margin_trading/account/Query-Isolated-Margin-Account-Info.html
[2026年 02月 07日 星期六 10:39:25 CST] SKIPPED (up-to-date): /data/downloads/wallet/binance-margin_trading-api-docs/html/docs/zh-CN/margin_trading/borrow-and-repay/Margin-Account-Borrow-Repay.html
[2026年 02月 07日 星期六 10:39:25 CST] SKIPPED (up-to-date): /data/downloads/wallet/binance-margin_trading-api-docs/html/docs/zh-CN/margin_trading/borrow-and-repay/Query-Max-Borrow.html
[2026年 02月 07日 星期六 10:39:25 CST] SKIPPED (up-to-date): /data/downloads/wallet/binance-margin_trading-api-docs/html/docs/zh-CN/margin_trading/borrow-and-repay/Get-a-future-hourly-interest-rate.html
[2026年 02月 07日 星期六 10:39:25 CST] SKIPPED (up-to-date): /data/downloads/wallet/binance-margin_trading-api-docs/html/docs/zh-CN/margin_trading/borrow-and-repay/Get-Interest-History.html
[2026年 02月 07日 星期六 10:39:25 CST] SKIPPED (up-to-date): /data/downloads/wallet/binance-margin_trading-api-docs/html/docs/zh-CN/margin_trading/borrow-and-repay/Query-Borrow-Repay.html
[2026年 02月 07日 星期六 10:39:25 CST] SKIPPED (up-to-date): /data/downloads/wallet/binance-margin_trading-api-docs/html/docs/zh-CN/margin_trading/borrow-and-repay/Query-Margin-Interest-Rate-History.html
[2026年 02月 07日 星期六 10:39:25 CST] SKIPPED (up-to-date): /data/downloads/wallet/binance-margin_trading-api-docs/html/docs/zh-CN/margin_trading/transfer/Get-Cross-Margin-Transfer-History.html
[2026年 02月 07日 星期六 10:39:25 CST] SKIPPED (up-to-date): /data/downloads/wallet/binance-margin_trading-api-docs/html/docs/zh-CN/margin_trading/transfer/Query-Max-Transfer-Out-Amount.html
[2026年 02月 07日 星期六 10:39:25 CST] SKIPPED (up-to-date): /data/downloads/wallet/binance-margin_trading-api-docs/html/docs/zh-CN/margin_trading/borrow-and-repay.html
[2026年 02月 07日 星期六 10:39:25 CST] SKIPPED (up-to-date): /data/downloads/wallet/binance-margin_trading-api-docs/html/docs/zh-CN/margin_trading/trade-data-stream/Event-Balance-Update.html
[2026年 02月 07日 星期六 10:39:25 CST] SKIPPED (up-to-date): /data/downloads/wallet/binance-margin_trading-api-docs/html/docs/zh-CN/margin_trading/trade-data-stream/Listen-Token-Websocket-API.html
[2026年 02月 07日 星期六 10:39:25 CST] SKIPPED (up-to-date): /data/downloads/wallet/binance-margin_trading-api-docs/html/docs/zh-CN/margin_trading/trade-data-stream/Event-Account-Update.html
[2026年 02月 07日 星期六 10:39:25 CST] SKIPPED (up-to-date): /data/downloads/wallet/binance-margin_trading-api-docs/html/docs/zh-CN/margin_trading/trade-data-stream/Event-Order-Update.html
[2026年 02月 07日 星期六 10:39:25 CST] SKIPPED (up-to-date): /data/downloads/wallet/binance-margin_trading-api-docs/html/docs/zh-CN/margin_trading/trade-data-stream.html
[2026年 02月 07日 星期六 10:39:25 CST] SKIPPED (up-to-date): /data/downloads/wallet/binance-margin_trading-api-docs/html/docs/zh-CN/margin_trading/trade/Get-Small-Liability-Exchange-History.html
[2026年 02月 07日 星期六 10:39:25 CST] SKIPPED (up-to-date): /data/downloads/wallet/binance-margin_trading-api-docs/html/docs/zh-CN/margin_trading/trade/Margin-Account-New-OTOCO.html
[2026年 02月 07日 星期六 10:39:25 CST] SKIPPED (up-to-date): /data/downloads/wallet/binance-margin_trading-api-docs/html/docs/zh-CN/margin_trading/trade/Query-Special-Key-List-of-Low-Latency-Trading.html
[2026年 02月 07日 星期六 10:39:25 CST] SKIPPED (up-to-date): /data/downloads/wallet/binance-margin_trading-api-docs/html/docs/zh-CN/margin_trading/trade/Margin-Account-Cancel-Order.html
[2026年 02月 07日 星期六 10:39:25 CST] SKIPPED (up-to-date): /data/downloads/wallet/binance-margin_trading-api-docs/html/docs/zh-CN/margin_trading/trade/Margin-Account-New-OTO.html
[2026年 02月 07日 星期六 10:39:25 CST] SKIPPED (up-to-date): /data/downloads/wallet/binance-margin_trading-api-docs/html/docs/zh-CN/margin_trading/trade/Query-Margin-Account-All-Orders.html
[2026年 02月 07日 星期六 10:39:25 CST] SKIPPED (up-to-date): /data/downloads/wallet/binance-margin_trading-api-docs/html/docs/zh-CN/margin_trading/trade/Delete-Special-Key-of-Low-Latency-Trading.html
[2026年 02月 07日 星期六 10:39:25 CST] SKIPPED (up-to-date): /data/downloads/wallet/binance-margin_trading-api-docs/html/docs/zh-CN/margin_trading/trade/Query-Margin-Account-All-OCO.html
[2026年 02月 07日 星期六 10:39:25 CST] SKIPPED (up-to-date): /data/downloads/wallet/binance-margin_trading-api-docs/html/docs/zh-CN/margin_trading/trade/Query-Margin-Account-Order.html
[2026年 02月 07日 星期六 10:39:25 CST] SKIPPED (up-to-date): /data/downloads/wallet/binance-margin_trading-api-docs/html/docs/zh-CN/margin_trading/trade/Query-Margin-Account-Open-OCO.html
[2026年 02月 07日 星期六 10:39:25 CST] SKIPPED (up-to-date): /data/downloads/wallet/binance-margin_trading-api-docs/html/docs/zh-CN/margin_trading/trade/Small-Liability-Exchange.html
[2026年 02月 07日 星期六 10:39:25 CST] SKIPPED (up-to-date): /data/downloads/wallet/binance-margin_trading-api-docs/html/docs/zh-CN/margin_trading/trade/Edit-ip-for-Special-Key-of-Low-Latency-Trading.html
[2026年 02月 07日 星期六 10:39:26 CST] SKIPPED (up-to-date): /data/downloads/wallet/binance-margin_trading-api-docs/html/docs/zh-CN/margin_trading/trade/Create-Special-Key-of-Low-Latency-Trading.html
[2026年 02月 07日 星期六 10:39:26 CST] SKIPPED (up-to-date): /data/downloads/wallet/binance-margin_trading-api-docs/html/docs/zh-CN/margin_trading/trade/Margin-Account-Cancel-All-Open-Orders.html
[2026年 02月 07日 星期六 10:39:26 CST] SKIPPED (up-to-date): /data/downloads/wallet/binance-margin_trading-api-docs/html/docs/zh-CN/margin_trading/trade/Query-Margin-Account-Open-Orders.html
[2026年 02月 07日 星期六 10:39:26 CST] SKIPPED (up-to-date): /data/downloads/wallet/binance-margin_trading-api-docs/html/docs/zh-CN/margin_trading/trade/Get-Small-Liability-Exchange-Coin-List.html
[2026年 02月 07日 星期六 10:39:26 CST] SKIPPED (up-to-date): /data/downloads/wallet/binance-margin_trading-api-docs/html/docs/zh-CN/margin_trading/trade/Margin-Account-New-Order.html
[2026年 02月 07日 星期六 10:39:26 CST] SKIPPED (up-to-date): /data/downloads/wallet/binance-margin_trading-api-docs/html/docs/zh-CN/margin_trading/trade/Query-Special-Key-of-Low-Latency-Trading.html
[2026年 02月 07日 星期六 10:39:26 CST] SKIPPED (up-to-date): /data/downloads/wallet/binance-margin_trading-api-docs/html/docs/zh-CN/margin_trading/trade/Margin-Manual-Liquidation.html
[2026年 02月 07日 星期六 10:39:26 CST] SKIPPED (up-to-date): /data/downloads/wallet/binance-margin_trading-api-docs/html/docs/zh-CN/margin_trading/trade/Margin-Account-New-OCO.html
[2026年 02月 07日 星期六 10:39:26 CST] SKIPPED (up-to-date): /data/downloads/wallet/binance-margin_trading-api-docs/html/docs/zh-CN/margin_trading/trade/Query-Current-Margin-Order-Count-Usage.html
[2026年 02月 07日 星期六 10:39:26 CST] SKIPPED (up-to-date): /data/downloads/wallet/binance-margin_trading-api-docs/html/docs/zh-CN/margin_trading/trade/Query-Margin-Account-Trade-List.html
[2026年 02月 07日 星期六 10:39:26 CST] SKIPPED (up-to-date): /data/downloads/wallet/binance-margin_trading-api-docs/html/docs/zh-CN/margin_trading/trade/Margin-Account-Cancel-OCO.html
[2026年 02月 07日 星期六 10:39:26 CST] SKIPPED (up-to-date): /data/downloads/wallet/binance-margin_trading-api-docs/html/docs/zh-CN/margin_trading/trade/Query-Margin-Account-OCO.html
[2026年 02月 07日 星期六 10:39:26 CST] SKIPPED (up-to-date): /data/downloads/wallet/binance-margin_trading-api-docs/html/docs/zh-CN/margin_trading/trade/Get-Force-Liquidation-Record.html
[2026年 02月 07日 星期六 10:39:26 CST] SKIPPED (up-to-date): /data/downloads/wallet/binance-margin_trading-api-docs/html/docs/zh-CN/margin_trading/risk-data-stream/Event-Liability-Update.html
[2026年 02月 07日 星期六 10:39:26 CST] SKIPPED (up-to-date): /data/downloads/wallet/binance-margin_trading-api-docs/html/docs/zh-CN/margin_trading/risk-data-stream/Event-Margin-Call.html
[2026年 02月 07日 星期六 10:39:26 CST] SKIPPED (up-to-date): /data/downloads/wallet/binance-margin_trading-api-docs/html/docs/zh-CN/margin_trading/risk-data-stream/Connect.html
[2026年 02月 07日 星期六 10:39:26 CST] SKIPPED (up-to-date): /data/downloads/wallet/binance-margin_trading-api-docs/html/docs/zh-CN/margin_trading/risk-data-stream/Start-User-Data-Stream.html
[2026年 02月 07日 星期六 10:39:26 CST] SKIPPED (up-to-date): /data/downloads/wallet/binance-margin_trading-api-docs/html/docs/zh-CN/margin_trading/risk-data-stream/Keepalive-User-Data-Stream.html
[2026年 02月 07日 星期六 10:39:26 CST] SKIPPED (up-to-date): /data/downloads/wallet/binance-margin_trading-api-docs/html/docs/zh-CN/margin_trading/risk-data-stream/Close-User-Data-Stream.html
[2026年 02月 07日 星期六 10:39:26 CST] SKIPPED (up-to-date): /data/downloads/wallet/binance-margin_trading-api-docs/html/docs/zh-CN/margin_trading/trade.html
[2026年 02月 07日 星期六 10:39:26 CST] SKIPPED (up-to-date): /data/downloads/wallet/binance-margin_trading-api-docs/html/docs/zh-CN/margin_trading/risk-data-stream.html
[2026年 02月 07日 星期六 10:39:26 CST] SKIPPED (up-to-date): /data/downloads/wallet/binance-margin_trading-api-docs/html/docs/zh-CN/margin_trading/common-definition.html
[2026年 02月 07日 星期六 10:39:26 CST] SKIPPED (up-to-date): /data/downloads/wallet/binance-margin_trading-api-docs/html/docs/zh-CN/margin_trading/market-data/Query-Isolated-Margin-Tier-Data.html
[2026年 02月 07日 星期六 10:39:26 CST] SKIPPED (up-to-date): /data/downloads/wallet/binance-margin_trading-api-docs/html/docs/zh-CN/margin_trading/market-data/Get-All-Margin-Assets.html
[2026年 02月 07日 星期六 10:39:26 CST] SKIPPED (up-to-date): /data/downloads/wallet/binance-margin_trading-api-docs/html/docs/zh-CN/margin_trading/market-data/Get-Delist-Schedule.html
[2026年 02月 07日 星期六 10:39:26 CST] SKIPPED (up-to-date): /data/downloads/wallet/binance-margin_trading-api-docs/html/docs/zh-CN/margin_trading/market-data/Get-Margin-Asset-Risk-Based-Liquidation-Ratio.html
[2026年 02月 07日 星期六 10:39:26 CST] SKIPPED (up-to-date): /data/downloads/wallet/binance-margin_trading-api-docs/html/docs/zh-CN/margin_trading/market-data/Query-margin-avaliable-inventory.html
[2026年 02月 07日 星期六 10:39:26 CST] SKIPPED (up-to-date): /data/downloads/wallet/binance-margin_trading-api-docs/html/docs/zh-CN/margin_trading/market-data/Get-All-Isolated-Margin-Symbol.html
[2026年 02月 07日 星期六 10:39:26 CST] SKIPPED (up-to-date): /data/downloads/wallet/binance-margin_trading-api-docs/html/docs/zh-CN/margin_trading/market-data/Get-List-Schedule.html
[2026年 02月 07日 星期六 10:39:26 CST] SKIPPED (up-to-date): /data/downloads/wallet/binance-margin_trading-api-docs/html/docs/zh-CN/margin_trading/market-data/Get-Limit-Price-Pairs.html
[2026年 02月 07日 星期六 10:39:26 CST] SKIPPED (up-to-date): /data/downloads/wallet/binance-margin_trading-api-docs/html/docs/zh-CN/margin_trading/market-data/Cross-margin-collateral-ratio.html
[2026年 02月 07日 星期六 10:39:26 CST] SKIPPED (up-to-date): /data/downloads/wallet/binance-margin_trading-api-docs/html/docs/zh-CN/margin_trading/market-data/Query-Liability-Coin-Leverage-Bracket-in-Cross-Margin-Pro-Mode.html
[2026年 02月 07日 星期六 10:39:26 CST] SKIPPED (up-to-date): /data/downloads/wallet/binance-margin_trading-api-docs/html/docs/zh-CN/margin_trading/market-data/Query-Margin-PriceIndex.html
[2026年 02月 07日 星期六 10:39:26 CST] SKIPPED (up-to-date): /data/downloads/wallet/binance-margin_trading-api-docs/html/docs/zh-CN/margin_trading/market-data/Get-All-Cross-Margin-Pairs.html
=== 转换日志 - 2026年 02月 07日 星期六 10:45:44 CST ===
[2026年 02月 07日 星期六 10:48:42 CST] SUCCESS: /data/downloads/wallet/binance-margin_trading-api-docs/html/docs/zh-CN/wallet/asset/dust-transfer.html -> /data/downloads/wallet/binance-margin_trading-api-docs/markdown/docs/zh-CN/wallet/asset/dust-transfer.md
[2026年 02月 07日 星期六 10:48:42 CST] SUCCESS: /data/downloads/wallet/binance-margin_trading-api-docs/html/docs/zh-CN/wallet/asset/dust-convertible-assets.html -> /data/downloads/wallet/binance-margin_trading-api-docs/markdown/docs/zh-CN/wallet/asset/dust-convertible-assets.md
[2026年 02月 07日 星期六 10:48:42 CST] SUCCESS: /data/downloads/wallet/binance-margin_trading-api-docs/html/docs/zh-CN/wallet/asset/user-universal-transfer.html -> /data/downloads/wallet/binance-margin_trading-api-docs/markdown/docs/zh-CN/wallet/asset/user-universal-transfer.md
[2026年 02月 07日 星期六 10:48:42 CST] SUCCESS: /data/downloads/wallet/binance-margin_trading-api-docs/html/docs/zh-CN/wallet/asset/query-user-wallet-balance.html -> /data/downloads/wallet/binance-margin_trading-api-docs/markdown/docs/zh-CN/wallet/asset/query-user-wallet-balance.md
[2026年 02月 07日 星期六 10:48:42 CST] SUCCESS: /data/downloads/wallet/binance-margin_trading-api-docs/html/docs/zh-CN/wallet/asset/query-user-universal-transfer.html -> /data/downloads/wallet/binance-margin_trading-api-docs/markdown/docs/zh-CN/wallet/asset/query-user-universal-transfer.md
[2026年 02月 07日 星期六 10:48:42 CST] SUCCESS: /data/downloads/wallet/binance-margin_trading-api-docs/html/docs/zh-CN/wallet/asset/trade-fee.html -> /data/downloads/wallet/binance-margin_trading-api-docs/markdown/docs/zh-CN/wallet/asset/trade-fee.md
[2026年 02月 07日 星期六 10:48:42 CST] SUCCESS: /data/downloads/wallet/binance-margin_trading-api-docs/html/docs/zh-CN/wallet/asset/spot-delist-schedule.html -> /data/downloads/wallet/binance-margin_trading-api-docs/markdown/docs/zh-CN/wallet/asset/spot-delist-schedule.md
[2026年 02月 07日 星期六 10:48:42 CST] SUCCESS: /data/downloads/wallet/binance-margin_trading-api-docs/html/docs/zh-CN/wallet/asset/Toggle-BNB-Burn-On-Spot-Trade-And-Margin-Interest.html -> /data/downloads/wallet/binance-margin_trading-api-docs/markdown/docs/zh-CN/wallet/asset/Toggle-BNB-Burn-On-Spot-Trade-And-Margin-Interest.md
[2026年 02月 07日 星期六 10:48:42 CST] SUCCESS: /data/downloads/wallet/binance-margin_trading-api-docs/html/docs/zh-CN/wallet/asset/dust-log.html -> /data/downloads/wallet/binance-margin_trading-api-docs/markdown/docs/zh-CN/wallet/asset/dust-log.md
[2026年 02月 07日 星期六 10:48:42 CST] SUCCESS: /data/downloads/wallet/binance-margin_trading-api-docs/html/docs/zh-CN/wallet/asset/cloud-mining-payment-and-refund-history.html -> /data/downloads/wallet/binance-margin_trading-api-docs/markdown/docs/zh-CN/wallet/asset/cloud-mining-payment-and-refund-history.md
[2026年 02月 07日 星期六 10:48:42 CST] SUCCESS: /data/downloads/wallet/binance-margin_trading-api-docs/html/docs/zh-CN/wallet/asset/user-assets.html -> /data/downloads/wallet/binance-margin_trading-api-docs/markdown/docs/zh-CN/wallet/asset/user-assets.md
[2026年 02月 07日 星期六 10:48:42 CST] SUCCESS: /data/downloads/wallet/binance-margin_trading-api-docs/html/docs/zh-CN/wallet/asset/assets-can-convert-bnb.html -> /data/downloads/wallet/binance-margin_trading-api-docs/markdown/docs/zh-CN/wallet/asset/assets-can-convert-bnb.md
[2026年 02月 07日 星期六 10:48:42 CST] SUCCESS: /data/downloads/wallet/binance-margin_trading-api-docs/html/docs/zh-CN/wallet/asset/assets-divided-record.html -> /data/downloads/wallet/binance-margin_trading-api-docs/markdown/docs/zh-CN/wallet/asset/assets-divided-record.md
[2026年 02月 07日 星期六 10:48:42 CST] SUCCESS: /data/downloads/wallet/binance-margin_trading-api-docs/html/docs/zh-CN/wallet/asset/query-user-delegation.html -> /data/downloads/wallet/binance-margin_trading-api-docs/markdown/docs/zh-CN/wallet/asset/query-user-delegation.md
[2026年 02月 07日 星期六 10:48:42 CST] SUCCESS: /data/downloads/wallet/binance-margin_trading-api-docs/html/docs/zh-CN/wallet/asset/dust-convert.html -> /data/downloads/wallet/binance-margin_trading-api-docs/markdown/docs/zh-CN/wallet/asset/dust-convert.md
[2026年 02月 07日 星期六 10:48:42 CST] SUCCESS: /data/downloads/wallet/binance-margin_trading-api-docs/html/docs/zh-CN/wallet/asset/asset-detail.html -> /data/downloads/wallet/binance-margin_trading-api-docs/markdown/docs/zh-CN/wallet/asset/asset-detail.md
[2026年 02月 07日 星期六 10:48:42 CST] SUCCESS: /data/downloads/wallet/binance-margin_trading-api-docs/html/docs/zh-CN/wallet/asset/funding-wallet.html -> /data/downloads/wallet/binance-margin_trading-api-docs/markdown/docs/zh-CN/wallet/asset/funding-wallet.md
[2026年 02月 07日 星期六 10:48:42 CST] SUCCESS: /data/downloads/wallet/binance-margin_trading-api-docs/html/docs/zh-CN/wallet/asset/open-symbol-list.html -> /data/downloads/wallet/binance-margin_trading-api-docs/markdown/docs/zh-CN/wallet/asset/open-symbol-list.md
[2026年 02月 07日 星期六 10:48:42 CST] SUCCESS: /data/downloads/wallet/binance-margin_trading-api-docs/html/docs/zh-CN/wallet/quick-start.html -> /data/downloads/wallet/binance-margin_trading-api-docs/markdown/docs/zh-CN/wallet/quick-start.md
[2026年 02月 07日 星期六 10:48:42 CST] SUCCESS: /data/downloads/wallet/binance-margin_trading-api-docs/html/docs/zh-CN/wallet/account/daily-account-snapshoot.html -> /data/downloads/wallet/binance-margin_trading-api-docs/markdown/docs/zh-CN/wallet/account/daily-account-snapshoot.md
[2026年 02月 07日 星期六 10:48:42 CST] SUCCESS: /data/downloads/wallet/binance-margin_trading-api-docs/html/docs/zh-CN/wallet/account/account-info.html -> /data/downloads/wallet/binance-margin_trading-api-docs/markdown/docs/zh-CN/wallet/account/account-info.md
[2026年 02月 07日 星期六 10:48:42 CST] SUCCESS: /data/downloads/wallet/binance-margin_trading-api-docs/html/docs/zh-CN/wallet/account/account-status.html -> /data/downloads/wallet/binance-margin_trading-api-docs/markdown/docs/zh-CN/wallet/account/account-status.md
[2026年 02月 07日 星期六 10:48:42 CST] SUCCESS: /data/downloads/wallet/binance-margin_trading-api-docs/html/docs/zh-CN/wallet/account/disable-fast-withdraw-switch.html -> /data/downloads/wallet/binance-margin_trading-api-docs/markdown/docs/zh-CN/wallet/account/disable-fast-withdraw-switch.md
[2026年 02月 07日 星期六 10:48:42 CST] SUCCESS: /data/downloads/wallet/binance-margin_trading-api-docs/html/docs/zh-CN/wallet/account/enable-fast-withdraw-switch.html -> /data/downloads/wallet/binance-margin_trading-api-docs/markdown/docs/zh-CN/wallet/account/enable-fast-withdraw-switch.md
[2026年 02月 07日 星期六 10:48:42 CST] SUCCESS: /data/downloads/wallet/binance-margin_trading-api-docs/html/docs/zh-CN/wallet/account/account-api-trading-status.html -> /data/downloads/wallet/binance-margin_trading-api-docs/markdown/docs/zh-CN/wallet/account/account-api-trading-status.md
[2026年 02月 07日 星期六 10:48:42 CST] SUCCESS: /data/downloads/wallet/binance-margin_trading-api-docs/html/docs/zh-CN/wallet/account/api-key-permission.html -> /data/downloads/wallet/binance-margin_trading-api-docs/markdown/docs/zh-CN/wallet/account/api-key-permission.md
[2026年 02月 07日 星期六 10:48:42 CST] SUCCESS: /data/downloads/wallet/binance-margin_trading-api-docs/html/docs/zh-CN/wallet/travel-rule/questionnaire-requirements.html -> /data/downloads/wallet/binance-margin_trading-api-docs/markdown/docs/zh-CN/wallet/travel-rule/questionnaire-requirements.md
[2026年 02月 07日 星期六 10:48:42 CST] SUCCESS: /data/downloads/wallet/binance-margin_trading-api-docs/html/docs/zh-CN/wallet/travel-rule/withdraw-questionnaire.html -> /data/downloads/wallet/binance-margin_trading-api-docs/markdown/docs/zh-CN/wallet/travel-rule/withdraw-questionnaire.md
[2026年 02月 07日 星期六 10:48:42 CST] SUCCESS: /data/downloads/wallet/binance-margin_trading-api-docs/html/docs/zh-CN/wallet/travel-rule/deposit-history-v2.html -> /data/downloads/wallet/binance-margin_trading-api-docs/markdown/docs/zh-CN/wallet/travel-rule/deposit-history-v2.md
[2026年 02月 07日 星期六 10:48:42 CST] SUCCESS: /data/downloads/wallet/binance-margin_trading-api-docs/html/docs/zh-CN/wallet/travel-rule/appendix.html -> /data/downloads/wallet/binance-margin_trading-api-docs/markdown/docs/zh-CN/wallet/travel-rule/appendix.md
[2026年 02月 07日 星期六 10:48:42 CST] SUCCESS: /data/downloads/wallet/binance-margin_trading-api-docs/html/docs/zh-CN/wallet/travel-rule/broker-withdraw.html -> /data/downloads/wallet/binance-margin_trading-api-docs/markdown/docs/zh-CN/wallet/travel-rule/broker-withdraw.md
[2026年 02月 07日 星期六 10:48:42 CST] SUCCESS: /data/downloads/wallet/binance-margin_trading-api-docs/html/docs/zh-CN/wallet/travel-rule/withdraw.html -> /data/downloads/wallet/binance-margin_trading-api-docs/markdown/docs/zh-CN/wallet/travel-rule/withdraw.md
[2026年 02月 07日 星期六 10:48:42 CST] SUCCESS: /data/downloads/wallet/binance-margin_trading-api-docs/html/docs/zh-CN/wallet/travel-rule/deposit-questionnaire.html -> /data/downloads/wallet/binance-margin_trading-api-docs/markdown/docs/zh-CN/wallet/travel-rule/deposit-questionnaire.md
[2026年 02月 07日 星期六 10:48:42 CST] SUCCESS: /data/downloads/wallet/binance-margin_trading-api-docs/html/docs/zh-CN/wallet/travel-rule/address-verification-list.html -> /data/downloads/wallet/binance-margin_trading-api-docs/markdown/docs/zh-CN/wallet/travel-rule/address-verification-list.md
[2026年 02月 07日 星期六 10:48:42 CST] SUCCESS: /data/downloads/wallet/binance-margin_trading-api-docs/html/docs/zh-CN/wallet/travel-rule/withdraw-history.html -> /data/downloads/wallet/binance-margin_trading-api-docs/markdown/docs/zh-CN/wallet/travel-rule/withdraw-history.md
[2026年 02月 07日 星期六 10:48:42 CST] SUCCESS: /data/downloads/wallet/binance-margin_trading-api-docs/html/docs/zh-CN/wallet/travel-rule/broker-deposit-provide-info.html -> /data/downloads/wallet/binance-margin_trading-api-docs/markdown/docs/zh-CN/wallet/travel-rule/broker-deposit-provide-info.md
[2026年 02月 07日 星期六 10:48:42 CST] SUCCESS: /data/downloads/wallet/binance-margin_trading-api-docs/html/docs/zh-CN/wallet/travel-rule/deposit-provide-info-v2.html -> /data/downloads/wallet/binance-margin_trading-api-docs/markdown/docs/zh-CN/wallet/travel-rule/deposit-provide-info-v2.md
[2026年 02月 07日 星期六 10:48:42 CST] SUCCESS: /data/downloads/wallet/binance-margin_trading-api-docs/html/docs/zh-CN/wallet/travel-rule/onboarded-vasp-list.html -> /data/downloads/wallet/binance-margin_trading-api-docs/markdown/docs/zh-CN/wallet/travel-rule/onboarded-vasp-list.md
[2026年 02月 07日 星期六 10:48:42 CST] SUCCESS: /data/downloads/wallet/binance-margin_trading-api-docs/html/docs/zh-CN/wallet/travel-rule/deposit-history.html -> /data/downloads/wallet/binance-margin_trading-api-docs/markdown/docs/zh-CN/wallet/travel-rule/deposit-history.md
[2026年 02月 07日 星期六 10:48:42 CST] SUCCESS: /data/downloads/wallet/binance-margin_trading-api-docs/html/docs/zh-CN/wallet/travel-rule/withdraw-history-v2.html -> /data/downloads/wallet/binance-margin_trading-api-docs/markdown/docs/zh-CN/wallet/travel-rule/withdraw-history-v2.md
[2026年 02月 07日 星期六 10:48:42 CST] SUCCESS: /data/downloads/wallet/binance-margin_trading-api-docs/html/docs/zh-CN/wallet/travel-rule/deposit-provide-info.html -> /data/downloads/wallet/binance-margin_trading-api-docs/markdown/docs/zh-CN/wallet/travel-rule/deposit-provide-info.md
[2026年 02月 07日 星期六 10:48:43 CST] SUCCESS: /data/downloads/wallet/binance-margin_trading-api-docs/html/docs/zh-CN/wallet/error-code.html -> /data/downloads/wallet/binance-margin_trading-api-docs/markdown/docs/zh-CN/wallet/error-code.md
[2026年 02月 07日 星期六 10:48:43 CST] SUCCESS: /data/downloads/wallet/binance-margin_trading-api-docs/html/docs/zh-CN/wallet/change-log.html -> /data/downloads/wallet/binance-margin_trading-api-docs/markdown/docs/zh-CN/wallet/change-log.md
[2026年 02月 07日 星期六 10:48:43 CST] SUCCESS: /data/downloads/wallet/binance-margin_trading-api-docs/html/docs/zh-CN/wallet/contact-us.html -> /data/downloads/wallet/binance-margin_trading-api-docs/markdown/docs/zh-CN/wallet/contact-us.md
[2026年 02月 07日 星期六 10:48:43 CST] SUCCESS: /data/downloads/wallet/binance-margin_trading-api-docs/html/docs/zh-CN/wallet/general-info.html -> /data/downloads/wallet/binance-margin_trading-api-docs/markdown/docs/zh-CN/wallet/general-info.md
[2026年 02月 07日 星期六 10:48:43 CST] SUCCESS: /data/downloads/wallet/binance-margin_trading-api-docs/html/docs/zh-CN/wallet/Introduction.html -> /data/downloads/wallet/binance-margin_trading-api-docs/markdown/docs/zh-CN/wallet/Introduction.md
[2026年 02月 07日 星期六 10:48:43 CST] SUCCESS: /data/downloads/wallet/binance-margin_trading-api-docs/html/docs/zh-CN/wallet/capital/deposite-address.html -> /data/downloads/wallet/binance-margin_trading-api-docs/markdown/docs/zh-CN/wallet/capital/deposite-address.md
[2026年 02月 07日 星期六 10:48:43 CST] SUCCESS: /data/downloads/wallet/binance-margin_trading-api-docs/html/docs/zh-CN/wallet/capital/fetch-withdraw-quota.html -> /data/downloads/wallet/binance-margin_trading-api-docs/markdown/docs/zh-CN/wallet/capital/fetch-withdraw-quota.md
[2026年 02月 07日 星期六 10:48:43 CST] SUCCESS: /data/downloads/wallet/binance-margin_trading-api-docs/html/docs/zh-CN/wallet/capital/fetch-deposit-address-list-with-network.html -> /data/downloads/wallet/binance-margin_trading-api-docs/markdown/docs/zh-CN/wallet/capital/fetch-deposit-address-list-with-network.md
[2026年 02月 07日 星期六 10:48:43 CST] SUCCESS: /data/downloads/wallet/binance-margin_trading-api-docs/html/docs/zh-CN/wallet/capital/withdraw.html -> /data/downloads/wallet/binance-margin_trading-api-docs/markdown/docs/zh-CN/wallet/capital/withdraw.md
[2026年 02月 07日 星期六 10:48:43 CST] SUCCESS: /data/downloads/wallet/binance-margin_trading-api-docs/html/docs/zh-CN/wallet/capital/fetch-withdraw-address.html -> /data/downloads/wallet/binance-margin_trading-api-docs/markdown/docs/zh-CN/wallet/capital/fetch-withdraw-address.md
[2026年 02月 07日 星期六 10:48:43 CST] SUCCESS: /data/downloads/wallet/binance-margin_trading-api-docs/html/docs/zh-CN/wallet/capital/withdraw-history.html -> /data/downloads/wallet/binance-margin_trading-api-docs/markdown/docs/zh-CN/wallet/capital/withdraw-history.md
[2026年 02月 07日 星期六 10:48:43 CST] SUCCESS: /data/downloads/wallet/binance-margin_trading-api-docs/html/docs/zh-CN/wallet/capital/one-click-arrival-deposite-apply.html -> /data/downloads/wallet/binance-margin_trading-api-docs/markdown/docs/zh-CN/wallet/capital/one-click-arrival-deposite-apply.md
[2026年 02月 07日 星期六 10:48:43 CST] SUCCESS: /data/downloads/wallet/binance-margin_trading-api-docs/html/docs/zh-CN/wallet/capital/all-coins-info.html -> /data/downloads/wallet/binance-margin_trading-api-docs/markdown/docs/zh-CN/wallet/capital/all-coins-info.md
[2026年 02月 07日 星期六 10:48:43 CST] SUCCESS: /data/downloads/wallet/binance-margin_trading-api-docs/html/docs/zh-CN/wallet/capital/deposite-history.html -> /data/downloads/wallet/binance-margin_trading-api-docs/markdown/docs/zh-CN/wallet/capital/deposite-history.md
[2026年 02月 07日 星期六 10:48:43 CST] SUCCESS: /data/downloads/wallet/binance-margin_trading-api-docs/html/docs/zh-CN/wallet/others/delist-schedule.html -> /data/downloads/wallet/binance-margin_trading-api-docs/markdown/docs/zh-CN/wallet/others/delist-schedule.md
[2026年 02月 07日 星期六 10:48:43 CST] SUCCESS: /data/downloads/wallet/binance-margin_trading-api-docs/html/docs/zh-CN/wallet/others/system-status.html -> /data/downloads/wallet/binance-margin_trading-api-docs/markdown/docs/zh-CN/wallet/others/system-status.md
[2026年 02月 07日 星期六 10:48:43 CST] SKIPPED (up-to-date): /data/downloads/wallet/binance-margin_trading-api-docs/html/docs/zh-CN/margin_trading/market-data.html
[2026年 02月 07日 星期六 10:48:43 CST] SKIPPED (up-to-date): /data/downloads/wallet/binance-margin_trading-api-docs/html/docs/zh-CN/margin_trading/account/Disable-Isolated-Margin-Account.html
[2026年 02月 07日 星期六 10:48:43 CST] SKIPPED (up-to-date): /data/downloads/wallet/binance-margin_trading-api-docs/html/docs/zh-CN/margin_trading/account/Query-Cross-Isolated-Margin-Capital-Flow.html
[2026年 02月 07日 星期六 10:48:43 CST] SKIPPED (up-to-date): /data/downloads/wallet/binance-margin_trading-api-docs/html/docs/zh-CN/margin_trading/account/Query-Enabled-Isolated-Margin-Account-Limit.html
[2026年 02月 07日 星期六 10:48:43 CST] SKIPPED (up-to-date): /data/downloads/wallet/binance-margin_trading-api-docs/html/docs/zh-CN/margin_trading/account/Get-Summary-Of-Margin-Account.html
[2026年 02月 07日 星期六 10:48:43 CST] SKIPPED (up-to-date): /data/downloads/wallet/binance-margin_trading-api-docs/html/docs/zh-CN/margin_trading/account/Query-Isolated-Margin-Fee-Data.html
[2026年 02月 07日 星期六 10:48:43 CST] SKIPPED (up-to-date): /data/downloads/wallet/binance-margin_trading-api-docs/html/docs/zh-CN/margin_trading/account/Query-Cross-Margin-Fee-Data.html
[2026年 02月 07日 星期六 10:48:43 CST] SKIPPED (up-to-date): /data/downloads/wallet/binance-margin_trading-api-docs/html/docs/zh-CN/margin_trading/account/Adjust-Cross-Margin-Max-Leverage.html
[2026年 02月 07日 星期六 10:48:43 CST] SKIPPED (up-to-date): /data/downloads/wallet/binance-margin_trading-api-docs/html/docs/zh-CN/margin_trading/account/Get-BNB-Burn-Status.html
[2026年 02月 07日 星期六 10:48:43 CST] SKIPPED (up-to-date): /data/downloads/wallet/binance-margin_trading-api-docs/html/docs/zh-CN/margin_trading/account/Enable-Isolated-Margin-Account.html
[2026年 02月 07日 星期六 10:48:43 CST] SKIPPED (up-to-date): /data/downloads/wallet/binance-margin_trading-api-docs/html/docs/zh-CN/margin_trading/account/Query-Cross-Margin-Account-Details.html
[2026年 02月 07日 星期六 10:48:43 CST] SKIPPED (up-to-date): /data/downloads/wallet/binance-margin_trading-api-docs/html/docs/zh-CN/margin_trading/account/Query-Isolated-Margin-Account-Info.html
[2026年 02月 07日 星期六 10:48:43 CST] SKIPPED (up-to-date): /data/downloads/wallet/binance-margin_trading-api-docs/html/docs/zh-CN/margin_trading/borrow-and-repay/Margin-Account-Borrow-Repay.html
[2026年 02月 07日 星期六 10:48:43 CST] SKIPPED (up-to-date): /data/downloads/wallet/binance-margin_trading-api-docs/html/docs/zh-CN/margin_trading/borrow-and-repay/Query-Max-Borrow.html
[2026年 02月 07日 星期六 10:48:43 CST] SKIPPED (up-to-date): /data/downloads/wallet/binance-margin_trading-api-docs/html/docs/zh-CN/margin_trading/borrow-and-repay/Get-a-future-hourly-interest-rate.html
[2026年 02月 07日 星期六 10:48:43 CST] SKIPPED (up-to-date): /data/downloads/wallet/binance-margin_trading-api-docs/html/docs/zh-CN/margin_trading/borrow-and-repay/Get-Interest-History.html
[2026年 02月 07日 星期六 10:48:43 CST] SKIPPED (up-to-date): /data/downloads/wallet/binance-margin_trading-api-docs/html/docs/zh-CN/margin_trading/borrow-and-repay/Query-Borrow-Repay.html
[2026年 02月 07日 星期六 10:48:43 CST] SKIPPED (up-to-date): /data/downloads/wallet/binance-margin_trading-api-docs/html/docs/zh-CN/margin_trading/borrow-and-repay/Query-Margin-Interest-Rate-History.html
[2026年 02月 07日 星期六 10:48:43 CST] SKIPPED (up-to-date): /data/downloads/wallet/binance-margin_trading-api-docs/html/docs/zh-CN/margin_trading/transfer/Get-Cross-Margin-Transfer-History.html
[2026年 02月 07日 星期六 10:48:43 CST] SKIPPED (up-to-date): /data/downloads/wallet/binance-margin_trading-api-docs/html/docs/zh-CN/margin_trading/transfer/Query-Max-Transfer-Out-Amount.html
[2026年 02月 07日 星期六 10:48:43 CST] SKIPPED (up-to-date): /data/downloads/wallet/binance-margin_trading-api-docs/html/docs/zh-CN/margin_trading/borrow-and-repay.html
[2026年 02月 07日 星期六 10:48:43 CST] SKIPPED (up-to-date): /data/downloads/wallet/binance-margin_trading-api-docs/html/docs/zh-CN/margin_trading/trade-data-stream/Event-Balance-Update.html
[2026年 02月 07日 星期六 10:48:43 CST] SKIPPED (up-to-date): /data/downloads/wallet/binance-margin_trading-api-docs/html/docs/zh-CN/margin_trading/trade-data-stream/Listen-Token-Websocket-API.html
[2026年 02月 07日 星期六 10:48:43 CST] SKIPPED (up-to-date): /data/downloads/wallet/binance-margin_trading-api-docs/html/docs/zh-CN/margin_trading/trade-data-stream/Event-Account-Update.html
[2026年 02月 07日 星期六 10:48:43 CST] SKIPPED (up-to-date): /data/downloads/wallet/binance-margin_trading-api-docs/html/docs/zh-CN/margin_trading/trade-data-stream/Event-Order-Update.html
[2026年 02月 07日 星期六 10:48:43 CST] SKIPPED (up-to-date): /data/downloads/wallet/binance-margin_trading-api-docs/html/docs/zh-CN/margin_trading/trade-data-stream.html
[2026年 02月 07日 星期六 10:48:43 CST] SKIPPED (up-to-date): /data/downloads/wallet/binance-margin_trading-api-docs/html/docs/zh-CN/margin_trading/trade/Get-Small-Liability-Exchange-History.html
[2026年 02月 07日 星期六 10:48:43 CST] SKIPPED (up-to-date): /data/downloads/wallet/binance-margin_trading-api-docs/html/docs/zh-CN/margin_trading/trade/Margin-Account-New-OTOCO.html
[2026年 02月 07日 星期六 10:48:43 CST] SKIPPED (up-to-date): /data/downloads/wallet/binance-margin_trading-api-docs/html/docs/zh-CN/margin_trading/trade/Query-Special-Key-List-of-Low-Latency-Trading.html
[2026年 02月 07日 星期六 10:48:43 CST] SKIPPED (up-to-date): /data/downloads/wallet/binance-margin_trading-api-docs/html/docs/zh-CN/margin_trading/trade/Margin-Account-Cancel-Order.html
[2026年 02月 07日 星期六 10:48:43 CST] SKIPPED (up-to-date): /data/downloads/wallet/binance-margin_trading-api-docs/html/docs/zh-CN/margin_trading/trade/Margin-Account-New-OTO.html
[2026年 02月 07日 星期六 10:48:43 CST] SKIPPED (up-to-date): /data/downloads/wallet/binance-margin_trading-api-docs/html/docs/zh-CN/margin_trading/trade/Query-Margin-Account-All-Orders.html
[2026年 02月 07日 星期六 10:48:43 CST] SKIPPED (up-to-date): /data/downloads/wallet/binance-margin_trading-api-docs/html/docs/zh-CN/margin_trading/trade/Delete-Special-Key-of-Low-Latency-Trading.html
[2026年 02月 07日 星期六 10:48:43 CST] SKIPPED (up-to-date): /data/downloads/wallet/binance-margin_trading-api-docs/html/docs/zh-CN/margin_trading/trade/Query-Margin-Account-All-OCO.html
[2026年 02月 07日 星期六 10:48:43 CST] SKIPPED (up-to-date): /data/downloads/wallet/binance-margin_trading-api-docs/html/docs/zh-CN/margin_trading/trade/Query-Margin-Account-Order.html
[2026年 02月 07日 星期六 10:48:43 CST] SKIPPED (up-to-date): /data/downloads/wallet/binance-margin_trading-api-docs/html/docs/zh-CN/margin_trading/trade/Query-Margin-Account-Open-OCO.html
[2026年 02月 07日 星期六 10:48:43 CST] SKIPPED (up-to-date): /data/downloads/wallet/binance-margin_trading-api-docs/html/docs/zh-CN/margin_trading/trade/Small-Liability-Exchange.html
[2026年 02月 07日 星期六 10:48:43 CST] SKIPPED (up-to-date): /data/downloads/wallet/binance-margin_trading-api-docs/html/docs/zh-CN/margin_trading/trade/Edit-ip-for-Special-Key-of-Low-Latency-Trading.html
[2026年 02月 07日 星期六 10:48:43 CST] SKIPPED (up-to-date): /data/downloads/wallet/binance-margin_trading-api-docs/html/docs/zh-CN/margin_trading/trade/Create-Special-Key-of-Low-Latency-Trading.html
[2026年 02月 07日 星期六 10:48:43 CST] SKIPPED (up-to-date): /data/downloads/wallet/binance-margin_trading-api-docs/html/docs/zh-CN/margin_trading/trade/Margin-Account-Cancel-All-Open-Orders.html
[2026年 02月 07日 星期六 10:48:43 CST] SKIPPED (up-to-date): /data/downloads/wallet/binance-margin_trading-api-docs/html/docs/zh-CN/margin_trading/trade/Query-Margin-Account-Open-Orders.html
[2026年 02月 07日 星期六 10:48:43 CST] SKIPPED (up-to-date): /data/downloads/wallet/binance-margin_trading-api-docs/html/docs/zh-CN/margin_trading/trade/Get-Small-Liability-Exchange-Coin-List.html
[2026年 02月 07日 星期六 10:48:43 CST] SKIPPED (up-to-date): /data/downloads/wallet/binance-margin_trading-api-docs/html/docs/zh-CN/margin_trading/trade/Margin-Account-New-Order.html
[2026年 02月 07日 星期六 10:48:43 CST] SKIPPED (up-to-date): /data/downloads/wallet/binance-margin_trading-api-docs/html/docs/zh-CN/margin_trading/trade/Query-Special-Key-of-Low-Latency-Trading.html
[2026年 02月 07日 星期六 10:48:43 CST] SKIPPED (up-to-date): /data/downloads/wallet/binance-margin_trading-api-docs/html/docs/zh-CN/margin_trading/trade/Margin-Manual-Liquidation.html
[2026年 02月 07日 星期六 10:48:43 CST] SKIPPED (up-to-date): /data/downloads/wallet/binance-margin_trading-api-docs/html/docs/zh-CN/margin_trading/trade/Margin-Account-New-OCO.html
[2026年 02月 07日 星期六 10:48:43 CST] SKIPPED (up-to-date): /data/downloads/wallet/binance-margin_trading-api-docs/html/docs/zh-CN/margin_trading/trade/Query-Current-Margin-Order-Count-Usage.html
[2026年 02月 07日 星期六 10:48:43 CST] SKIPPED (up-to-date): /data/downloads/wallet/binance-margin_trading-api-docs/html/docs/zh-CN/margin_trading/trade/Query-Margin-Account-Trade-List.html
[2026年 02月 07日 星期六 10:48:43 CST] SKIPPED (up-to-date): /data/downloads/wallet/binance-margin_trading-api-docs/html/docs/zh-CN/margin_trading/trade/Margin-Account-Cancel-OCO.html
[2026年 02月 07日 星期六 10:48:43 CST] SKIPPED (up-to-date): /data/downloads/wallet/binance-margin_trading-api-docs/html/docs/zh-CN/margin_trading/trade/Query-Margin-Account-OCO.html
[2026年 02月 07日 星期六 10:48:43 CST] SKIPPED (up-to-date): /data/downloads/wallet/binance-margin_trading-api-docs/html/docs/zh-CN/margin_trading/trade/Get-Force-Liquidation-Record.html
[2026年 02月 07日 星期六 10:48:43 CST] SKIPPED (up-to-date): /data/downloads/wallet/binance-margin_trading-api-docs/html/docs/zh-CN/margin_trading/risk-data-stream/Event-Liability-Update.html
[2026年 02月 07日 星期六 10:48:43 CST] SKIPPED (up-to-date): /data/downloads/wallet/binance-margin_trading-api-docs/html/docs/zh-CN/margin_trading/risk-data-stream/Event-Margin-Call.html
[2026年 02月 07日 星期六 10:48:43 CST] SKIPPED (up-to-date): /data/downloads/wallet/binance-margin_trading-api-docs/html/docs/zh-CN/margin_trading/risk-data-stream/Connect.html
[2026年 02月 07日 星期六 10:48:43 CST] SKIPPED (up-to-date): /data/downloads/wallet/binance-margin_trading-api-docs/html/docs/zh-CN/margin_trading/risk-data-stream/Start-User-Data-Stream.html
[2026年 02月 07日 星期六 10:48:43 CST] SKIPPED (up-to-date): /data/downloads/wallet/binance-margin_trading-api-docs/html/docs/zh-CN/margin_trading/risk-data-stream/Keepalive-User-Data-Stream.html
[2026年 02月 07日 星期六 10:48:43 CST] SKIPPED (up-to-date): /data/downloads/wallet/binance-margin_trading-api-docs/html/docs/zh-CN/margin_trading/risk-data-stream/Close-User-Data-Stream.html
[2026年 02月 07日 星期六 10:48:43 CST] SKIPPED (up-to-date): /data/downloads/wallet/binance-margin_trading-api-docs/html/docs/zh-CN/margin_trading/trade.html
[2026年 02月 07日 星期六 10:48:43 CST] SKIPPED (up-to-date): /data/downloads/wallet/binance-margin_trading-api-docs/html/docs/zh-CN/margin_trading/risk-data-stream.html
[2026年 02月 07日 星期六 10:48:43 CST] SKIPPED (up-to-date): /data/downloads/wallet/binance-margin_trading-api-docs/html/docs/zh-CN/margin_trading/common-definition.html
[2026年 02月 07日 星期六 10:48:43 CST] SKIPPED (up-to-date): /data/downloads/wallet/binance-margin_trading-api-docs/html/docs/zh-CN/margin_trading/market-data/Query-Isolated-Margin-Tier-Data.html
[2026年 02月 07日 星期六 10:48:43 CST] SKIPPED (up-to-date): /data/downloads/wallet/binance-margin_trading-api-docs/html/docs/zh-CN/margin_trading/market-data/Get-All-Margin-Assets.html
[2026年 02月 07日 星期六 10:48:43 CST] SKIPPED (up-to-date): /data/downloads/wallet/binance-margin_trading-api-docs/html/docs/zh-CN/margin_trading/market-data/Get-Delist-Schedule.html
[2026年 02月 07日 星期六 10:48:43 CST] SKIPPED (up-to-date): /data/downloads/wallet/binance-margin_trading-api-docs/html/docs/zh-CN/margin_trading/market-data/Get-Margin-Asset-Risk-Based-Liquidation-Ratio.html
[2026年 02月 07日 星期六 10:48:43 CST] SKIPPED (up-to-date): /data/downloads/wallet/binance-margin_trading-api-docs/html/docs/zh-CN/margin_trading/market-data/Query-margin-avaliable-inventory.html
[2026年 02月 07日 星期六 10:48:43 CST] SKIPPED (up-to-date): /data/downloads/wallet/binance-margin_trading-api-docs/html/docs/zh-CN/margin_trading/market-data/Get-All-Isolated-Margin-Symbol.html
[2026年 02月 07日 星期六 10:48:43 CST] SKIPPED (up-to-date): /data/downloads/wallet/binance-margin_trading-api-docs/html/docs/zh-CN/margin_trading/market-data/Get-List-Schedule.html
[2026年 02月 07日 星期六 10:48:43 CST] SKIPPED (up-to-date): /data/downloads/wallet/binance-margin_trading-api-docs/html/docs/zh-CN/margin_trading/market-data/Get-Limit-Price-Pairs.html
[2026年 02月 07日 星期六 10:48:43 CST] SKIPPED (up-to-date): /data/downloads/wallet/binance-margin_trading-api-docs/html/docs/zh-CN/margin_trading/market-data/Cross-margin-collateral-ratio.html
[2026年 02月 07日 星期六 10:48:43 CST] SKIPPED (up-to-date): /data/downloads/wallet/binance-margin_trading-api-docs/html/docs/zh-CN/margin_trading/market-data/Query-Liability-Coin-Leverage-Bracket-in-Cross-Margin-Pro-Mode.html
[2026年 02月 07日 星期六 10:48:43 CST] SKIPPED (up-to-date): /data/downloads/wallet/binance-margin_trading-api-docs/html/docs/zh-CN/margin_trading/market-data/Query-Margin-PriceIndex.html
[2026年 02月 07日 星期六 10:48:43 CST] SKIPPED (up-to-date): /data/downloads/wallet/binance-margin_trading-api-docs/html/docs/zh-CN/margin_trading/market-data/Get-All-Cross-Margin-Pairs.html
[2026年 02月 07日 星期六 10:48:43 CST] SKIPPED (up-to-date): /data/downloads/wallet/binance-margin_trading-api-docs/html/docs/zh-CN/margin_trading/error-code.html
[2026年 02月 07日 星期六 10:48:43 CST] SKIPPED (up-to-date): /data/downloads/wallet/binance-margin_trading-api-docs/html/docs/zh-CN/margin_trading/change-log.html
[2026年 02月 07日 星期六 10:48:43 CST] SKIPPED (up-to-date): /data/downloads/wallet/binance-margin_trading-api-docs/html/docs/zh-CN/margin_trading/best-practice.html
[2026年 02月 07日 星期六 10:48:43 CST] SKIPPED (up-to-date): /data/downloads/wallet/binance-margin_trading-api-docs/html/docs/zh-CN/margin_trading/general-info.html
[2026年 02月 07日 星期六 10:48:43 CST] SKIPPED (up-to-date): /data/downloads/wallet/binance-margin_trading-api-docs/html/docs/zh-CN/margin_trading/Introduction.html
[2026年 02月 07日 星期六 10:48:43 CST] SKIPPED (up-to-date): /data/downloads/wallet/binance-margin_trading-api-docs/html/docs/zh-CN/margin_trading/transfer.html
[2026年 02月 07日 星期六 10:48:43 CST] SKIPPED (up-to-date): /data/downloads/wallet/binance-margin_trading-api-docs/html/docs/zh-CN/margin_trading/account.html
=== 转换日志 - 2026年 02月 07日 星期六 10:49:12 CST ===
[2026年 02月 07日 星期六 10:51:05 CST] SUCCESS: /data/downloads/wallet/binance-margin_trading-api-docs/html/docs/zh-CN/wallet/asset/dust-transfer.html -> /data/downloads/wallet/binance-margin_trading-api-docs/markdown/docs/zh-CN/wallet/asset/dust-transfer.md
[2026年 02月 07日 星期六 10:51:05 CST] SUCCESS: /data/downloads/wallet/binance-margin_trading-api-docs/html/docs/zh-CN/wallet/asset/dust-convertible-assets.html -> /data/downloads/wallet/binance-margin_trading-api-docs/markdown/docs/zh-CN/wallet/asset/dust-convertible-assets.md
[2026年 02月 07日 星期六 10:51:05 CST] SUCCESS: /data/downloads/wallet/binance-margin_trading-api-docs/html/docs/zh-CN/wallet/asset/user-universal-transfer.html -> /data/downloads/wallet/binance-margin_trading-api-docs/markdown/docs/zh-CN/wallet/asset/user-universal-transfer.md
[2026年 02月 07日 星期六 10:51:05 CST] SUCCESS: /data/downloads/wallet/binance-margin_trading-api-docs/html/docs/zh-CN/wallet/asset/query-user-wallet-balance.html -> /data/downloads/wallet/binance-margin_trading-api-docs/markdown/docs/zh-CN/wallet/asset/query-user-wallet-balance.md
[2026年 02月 07日 星期六 10:51:05 CST] SUCCESS: /data/downloads/wallet/binance-margin_trading-api-docs/html/docs/zh-CN/wallet/asset/query-user-universal-transfer.html -> /data/downloads/wallet/binance-margin_trading-api-docs/markdown/docs/zh-CN/wallet/asset/query-user-universal-transfer.md
[2026年 02月 07日 星期六 10:51:05 CST] SUCCESS: /data/downloads/wallet/binance-margin_trading-api-docs/html/docs/zh-CN/wallet/asset/trade-fee.html -> /data/downloads/wallet/binance-margin_trading-api-docs/markdown/docs/zh-CN/wallet/asset/trade-fee.md
[2026年 02月 07日 星期六 10:51:05 CST] SUCCESS: /data/downloads/wallet/binance-margin_trading-api-docs/html/docs/zh-CN/wallet/asset/spot-delist-schedule.html -> /data/downloads/wallet/binance-margin_trading-api-docs/markdown/docs/zh-CN/wallet/asset/spot-delist-schedule.md
[2026年 02月 07日 星期六 10:51:05 CST] SUCCESS: /data/downloads/wallet/binance-margin_trading-api-docs/html/docs/zh-CN/wallet/asset/Toggle-BNB-Burn-On-Spot-Trade-And-Margin-Interest.html -> /data/downloads/wallet/binance-margin_trading-api-docs/markdown/docs/zh-CN/wallet/asset/Toggle-BNB-Burn-On-Spot-Trade-And-Margin-Interest.md
[2026年 02月 07日 星期六 10:51:05 CST] SUCCESS: /data/downloads/wallet/binance-margin_trading-api-docs/html/docs/zh-CN/wallet/asset/dust-log.html -> /data/downloads/wallet/binance-margin_trading-api-docs/markdown/docs/zh-CN/wallet/asset/dust-log.md
[2026年 02月 07日 星期六 10:51:05 CST] SUCCESS: /data/downloads/wallet/binance-margin_trading-api-docs/html/docs/zh-CN/wallet/asset/cloud-mining-payment-and-refund-history.html -> /data/downloads/wallet/binance-margin_trading-api-docs/markdown/docs/zh-CN/wallet/asset/cloud-mining-payment-and-refund-history.md
[2026年 02月 07日 星期六 10:51:05 CST] SUCCESS: /data/downloads/wallet/binance-margin_trading-api-docs/html/docs/zh-CN/wallet/asset/user-assets.html -> /data/downloads/wallet/binance-margin_trading-api-docs/markdown/docs/zh-CN/wallet/asset/user-assets.md
[2026年 02月 07日 星期六 10:51:05 CST] SUCCESS: /data/downloads/wallet/binance-margin_trading-api-docs/html/docs/zh-CN/wallet/asset/assets-can-convert-bnb.html -> /data/downloads/wallet/binance-margin_trading-api-docs/markdown/docs/zh-CN/wallet/asset/assets-can-convert-bnb.md
[2026年 02月 07日 星期六 10:51:05 CST] SUCCESS: /data/downloads/wallet/binance-margin_trading-api-docs/html/docs/zh-CN/wallet/asset/assets-divided-record.html -> /data/downloads/wallet/binance-margin_trading-api-docs/markdown/docs/zh-CN/wallet/asset/assets-divided-record.md
[2026年 02月 07日 星期六 10:51:05 CST] SUCCESS: /data/downloads/wallet/binance-margin_trading-api-docs/html/docs/zh-CN/wallet/asset/query-user-delegation.html -> /data/downloads/wallet/binance-margin_trading-api-docs/markdown/docs/zh-CN/wallet/asset/query-user-delegation.md
[2026年 02月 07日 星期六 10:51:05 CST] SUCCESS: /data/downloads/wallet/binance-margin_trading-api-docs/html/docs/zh-CN/wallet/asset/dust-convert.html -> /data/downloads/wallet/binance-margin_trading-api-docs/markdown/docs/zh-CN/wallet/asset/dust-convert.md
[2026年 02月 07日 星期六 10:51:05 CST] SUCCESS: /data/downloads/wallet/binance-margin_trading-api-docs/html/docs/zh-CN/wallet/asset/asset-detail.html -> /data/downloads/wallet/binance-margin_trading-api-docs/markdown/docs/zh-CN/wallet/asset/asset-detail.md
[2026年 02月 07日 星期六 10:51:05 CST] SUCCESS: /data/downloads/wallet/binance-margin_trading-api-docs/html/docs/zh-CN/wallet/asset/funding-wallet.html -> /data/downloads/wallet/binance-margin_trading-api-docs/markdown/docs/zh-CN/wallet/asset/funding-wallet.md
[2026年 02月 07日 星期六 10:51:05 CST] SUCCESS: /data/downloads/wallet/binance-margin_trading-api-docs/html/docs/zh-CN/wallet/asset/open-symbol-list.html -> /data/downloads/wallet/binance-margin_trading-api-docs/markdown/docs/zh-CN/wallet/asset/open-symbol-list.md
[2026年 02月 07日 星期六 10:51:05 CST] SUCCESS: /data/downloads/wallet/binance-margin_trading-api-docs/html/docs/zh-CN/wallet/quick-start.html -> /data/downloads/wallet/binance-margin_trading-api-docs/markdown/docs/zh-CN/wallet/quick-start.md
[2026年 02月 07日 星期六 10:51:05 CST] SUCCESS: /data/downloads/wallet/binance-margin_trading-api-docs/html/docs/zh-CN/wallet/account/daily-account-snapshoot.html -> /data/downloads/wallet/binance-margin_trading-api-docs/markdown/docs/zh-CN/wallet/account/daily-account-snapshoot.md
[2026年 02月 07日 星期六 10:51:05 CST] SUCCESS: /data/downloads/wallet/binance-margin_trading-api-docs/html/docs/zh-CN/wallet/account/account-info.html -> /data/downloads/wallet/binance-margin_trading-api-docs/markdown/docs/zh-CN/wallet/account/account-info.md
[2026年 02月 07日 星期六 10:51:05 CST] SUCCESS: /data/downloads/wallet/binance-margin_trading-api-docs/html/docs/zh-CN/wallet/account/account-status.html -> /data/downloads/wallet/binance-margin_trading-api-docs/markdown/docs/zh-CN/wallet/account/account-status.md
[2026年 02月 07日 星期六 10:51:05 CST] SUCCESS: /data/downloads/wallet/binance-margin_trading-api-docs/html/docs/zh-CN/wallet/account/disable-fast-withdraw-switch.html -> /data/downloads/wallet/binance-margin_trading-api-docs/markdown/docs/zh-CN/wallet/account/disable-fast-withdraw-switch.md
[2026年 02月 07日 星期六 10:51:05 CST] SUCCESS: /data/downloads/wallet/binance-margin_trading-api-docs/html/docs/zh-CN/wallet/account/enable-fast-withdraw-switch.html -> /data/downloads/wallet/binance-margin_trading-api-docs/markdown/docs/zh-CN/wallet/account/enable-fast-withdraw-switch.md
[2026年 02月 07日 星期六 10:51:05 CST] SUCCESS: /data/downloads/wallet/binance-margin_trading-api-docs/html/docs/zh-CN/wallet/account/account-api-trading-status.html -> /data/downloads/wallet/binance-margin_trading-api-docs/markdown/docs/zh-CN/wallet/account/account-api-trading-status.md
[2026年 02月 07日 星期六 10:51:05 CST] SUCCESS: /data/downloads/wallet/binance-margin_trading-api-docs/html/docs/zh-CN/wallet/account/api-key-permission.html -> /data/downloads/wallet/binance-margin_trading-api-docs/markdown/docs/zh-CN/wallet/account/api-key-permission.md
[2026年 02月 07日 星期六 10:51:05 CST] SUCCESS: /data/downloads/wallet/binance-margin_trading-api-docs/html/docs/zh-CN/wallet/travel-rule/questionnaire-requirements.html -> /data/downloads/wallet/binance-margin_trading-api-docs/markdown/docs/zh-CN/wallet/travel-rule/questionnaire-requirements.md
[2026年 02月 07日 星期六 10:51:05 CST] SUCCESS: /data/downloads/wallet/binance-margin_trading-api-docs/html/docs/zh-CN/wallet/travel-rule/withdraw-questionnaire.html -> /data/downloads/wallet/binance-margin_trading-api-docs/markdown/docs/zh-CN/wallet/travel-rule/withdraw-questionnaire.md
[2026年 02月 07日 星期六 10:51:05 CST] SUCCESS: /data/downloads/wallet/binance-margin_trading-api-docs/html/docs/zh-CN/wallet/travel-rule/deposit-history-v2.html -> /data/downloads/wallet/binance-margin_trading-api-docs/markdown/docs/zh-CN/wallet/travel-rule/deposit-history-v2.md
[2026年 02月 07日 星期六 10:51:05 CST] SUCCESS: /data/downloads/wallet/binance-margin_trading-api-docs/html/docs/zh-CN/wallet/travel-rule/appendix.html -> /data/downloads/wallet/binance-margin_trading-api-docs/markdown/docs/zh-CN/wallet/travel-rule/appendix.md
[2026年 02月 07日 星期六 10:51:05 CST] SUCCESS: /data/downloads/wallet/binance-margin_trading-api-docs/html/docs/zh-CN/wallet/travel-rule/broker-withdraw.html -> /data/downloads/wallet/binance-margin_trading-api-docs/markdown/docs/zh-CN/wallet/travel-rule/broker-withdraw.md
[2026年 02月 07日 星期六 10:51:05 CST] SUCCESS: /data/downloads/wallet/binance-margin_trading-api-docs/html/docs/zh-CN/wallet/travel-rule/withdraw.html -> /data/downloads/wallet/binance-margin_trading-api-docs/markdown/docs/zh-CN/wallet/travel-rule/withdraw.md
[2026年 02月 07日 星期六 10:51:05 CST] SUCCESS: /data/downloads/wallet/binance-margin_trading-api-docs/html/docs/zh-CN/wallet/travel-rule/deposit-questionnaire.html -> /data/downloads/wallet/binance-margin_trading-api-docs/markdown/docs/zh-CN/wallet/travel-rule/deposit-questionnaire.md
[2026年 02月 07日 星期六 10:51:05 CST] SUCCESS: /data/downloads/wallet/binance-margin_trading-api-docs/html/docs/zh-CN/wallet/travel-rule/address-verification-list.html -> /data/downloads/wallet/binance-margin_trading-api-docs/markdown/docs/zh-CN/wallet/travel-rule/address-verification-list.md
[2026年 02月 07日 星期六 10:51:05 CST] SUCCESS: /data/downloads/wallet/binance-margin_trading-api-docs/html/docs/zh-CN/wallet/travel-rule/withdraw-history.html -> /data/downloads/wallet/binance-margin_trading-api-docs/markdown/docs/zh-CN/wallet/travel-rule/withdraw-history.md
[2026年 02月 07日 星期六 10:51:05 CST] SUCCESS: /data/downloads/wallet/binance-margin_trading-api-docs/html/docs/zh-CN/wallet/travel-rule/broker-deposit-provide-info.html -> /data/downloads/wallet/binance-margin_trading-api-docs/markdown/docs/zh-CN/wallet/travel-rule/broker-deposit-provide-info.md
[2026年 02月 07日 星期六 10:51:05 CST] SUCCESS: /data/downloads/wallet/binance-margin_trading-api-docs/html/docs/zh-CN/wallet/travel-rule/deposit-provide-info-v2.html -> /data/downloads/wallet/binance-margin_trading-api-docs/markdown/docs/zh-CN/wallet/travel-rule/deposit-provide-info-v2.md
[2026年 02月 07日 星期六 10:51:05 CST] SUCCESS: /data/downloads/wallet/binance-margin_trading-api-docs/html/docs/zh-CN/wallet/travel-rule/onboarded-vasp-list.html -> /data/downloads/wallet/binance-margin_trading-api-docs/markdown/docs/zh-CN/wallet/travel-rule/onboarded-vasp-list.md
[2026年 02月 07日 星期六 10:51:05 CST] SUCCESS: /data/downloads/wallet/binance-margin_trading-api-docs/html/docs/zh-CN/wallet/travel-rule/deposit-history.html -> /data/downloads/wallet/binance-margin_trading-api-docs/markdown/docs/zh-CN/wallet/travel-rule/deposit-history.md
[2026年 02月 07日 星期六 10:51:05 CST] SUCCESS: /data/downloads/wallet/binance-margin_trading-api-docs/html/docs/zh-CN/wallet/travel-rule/withdraw-history-v2.html -> /data/downloads/wallet/binance-margin_trading-api-docs/markdown/docs/zh-CN/wallet/travel-rule/withdraw-history-v2.md
[2026年 02月 07日 星期六 10:51:05 CST] SUCCESS: /data/downloads/wallet/binance-margin_trading-api-docs/html/docs/zh-CN/wallet/travel-rule/deposit-provide-info.html -> /data/downloads/wallet/binance-margin_trading-api-docs/markdown/docs/zh-CN/wallet/travel-rule/deposit-provide-info.md
[2026年 02月 07日 星期六 10:51:05 CST] SUCCESS: /data/downloads/wallet/binance-margin_trading-api-docs/html/docs/zh-CN/wallet/error-code.html -> /data/downloads/wallet/binance-margin_trading-api-docs/markdown/docs/zh-CN/wallet/error-code.md
[2026年 02月 07日 星期六 10:51:05 CST] SUCCESS: /data/downloads/wallet/binance-margin_trading-api-docs/html/docs/zh-CN/wallet/change-log.html -> /data/downloads/wallet/binance-margin_trading-api-docs/markdown/docs/zh-CN/wallet/change-log.md
[2026年 02月 07日 星期六 10:51:05 CST] SUCCESS: /data/downloads/wallet/binance-margin_trading-api-docs/html/docs/zh-CN/wallet/contact-us.html -> /data/downloads/wallet/binance-margin_trading-api-docs/markdown/docs/zh-CN/wallet/contact-us.md
[2026年 02月 07日 星期六 10:51:05 CST] SUCCESS: /data/downloads/wallet/binance-margin_trading-api-docs/html/docs/zh-CN/wallet/general-info.html -> /data/downloads/wallet/binance-margin_trading-api-docs/markdown/docs/zh-CN/wallet/general-info.md
[2026年 02月 07日 星期六 10:51:05 CST] SUCCESS: /data/downloads/wallet/binance-margin_trading-api-docs/html/docs/zh-CN/wallet/Introduction.html -> /data/downloads/wallet/binance-margin_trading-api-docs/markdown/docs/zh-CN/wallet/Introduction.md
[2026年 02月 07日 星期六 10:51:05 CST] SUCCESS: /data/downloads/wallet/binance-margin_trading-api-docs/html/docs/zh-CN/wallet/capital/deposite-address.html -> /data/downloads/wallet/binance-margin_trading-api-docs/markdown/docs/zh-CN/wallet/capital/deposite-address.md
[2026年 02月 07日 星期六 10:51:05 CST] SUCCESS: /data/downloads/wallet/binance-margin_trading-api-docs/html/docs/zh-CN/wallet/capital/fetch-withdraw-quota.html -> /data/downloads/wallet/binance-margin_trading-api-docs/markdown/docs/zh-CN/wallet/capital/fetch-withdraw-quota.md
[2026年 02月 07日 星期六 10:51:05 CST] SUCCESS: /data/downloads/wallet/binance-margin_trading-api-docs/html/docs/zh-CN/wallet/capital/fetch-deposit-address-list-with-network.html -> /data/downloads/wallet/binance-margin_trading-api-docs/markdown/docs/zh-CN/wallet/capital/fetch-deposit-address-list-with-network.md
[2026年 02月 07日 星期六 10:51:05 CST] SUCCESS: /data/downloads/wallet/binance-margin_trading-api-docs/html/docs/zh-CN/wallet/capital/withdraw.html -> /data/downloads/wallet/binance-margin_trading-api-docs/markdown/docs/zh-CN/wallet/capital/withdraw.md
[2026年 02月 07日 星期六 10:51:05 CST] SUCCESS: /data/downloads/wallet/binance-margin_trading-api-docs/html/docs/zh-CN/wallet/capital/fetch-withdraw-address.html -> /data/downloads/wallet/binance-margin_trading-api-docs/markdown/docs/zh-CN/wallet/capital/fetch-withdraw-address.md
[2026年 02月 07日 星期六 10:51:05 CST] SUCCESS: /data/downloads/wallet/binance-margin_trading-api-docs/html/docs/zh-CN/wallet/capital/withdraw-history.html -> /data/downloads/wallet/binance-margin_trading-api-docs/markdown/docs/zh-CN/wallet/capital/withdraw-history.md
[2026年 02月 07日 星期六 10:51:05 CST] SUCCESS: /data/downloads/wallet/binance-margin_trading-api-docs/html/docs/zh-CN/wallet/capital/one-click-arrival-deposite-apply.html -> /data/downloads/wallet/binance-margin_trading-api-docs/markdown/docs/zh-CN/wallet/capital/one-click-arrival-deposite-apply.md
[2026年 02月 07日 星期六 10:51:05 CST] SUCCESS: /data/downloads/wallet/binance-margin_trading-api-docs/html/docs/zh-CN/wallet/capital/all-coins-info.html -> /data/downloads/wallet/binance-margin_trading-api-docs/markdown/docs/zh-CN/wallet/capital/all-coins-info.md
[2026年 02月 07日 星期六 10:51:05 CST] SUCCESS: /data/downloads/wallet/binance-margin_trading-api-docs/html/docs/zh-CN/wallet/capital/deposite-history.html -> /data/downloads/wallet/binance-margin_trading-api-docs/markdown/docs/zh-CN/wallet/capital/deposite-history.md
[2026年 02月 07日 星期六 10:51:05 CST] SUCCESS: /data/downloads/wallet/binance-margin_trading-api-docs/html/docs/zh-CN/wallet/others/delist-schedule.html -> /data/downloads/wallet/binance-margin_trading-api-docs/markdown/docs/zh-CN/wallet/others/delist-schedule.md
[2026年 02月 07日 星期六 10:51:05 CST] SUCCESS: /data/downloads/wallet/binance-margin_trading-api-docs/html/docs/zh-CN/wallet/others/system-status.html -> /data/downloads/wallet/binance-margin_trading-api-docs/markdown/docs/zh-CN/wallet/others/system-status.md
[2026年 02月 07日 星期六 10:51:05 CST] SKIPPED (up-to-date): /data/downloads/wallet/binance-margin_trading-api-docs/html/docs/zh-CN/margin_trading/market-data.html
[2026年 02月 07日 星期六 10:51:05 CST] SKIPPED (up-to-date): /data/downloads/wallet/binance-margin_trading-api-docs/html/docs/zh-CN/margin_trading/account/Disable-Isolated-Margin-Account.html
[2026年 02月 07日 星期六 10:51:05 CST] SKIPPED (up-to-date): /data/downloads/wallet/binance-margin_trading-api-docs/html/docs/zh-CN/margin_trading/account/Query-Cross-Isolated-Margin-Capital-Flow.html
[2026年 02月 07日 星期六 10:51:05 CST] SKIPPED (up-to-date): /data/downloads/wallet/binance-margin_trading-api-docs/html/docs/zh-CN/margin_trading/account/Query-Enabled-Isolated-Margin-Account-Limit.html
[2026年 02月 07日 星期六 10:51:05 CST] SKIPPED (up-to-date): /data/downloads/wallet/binance-margin_trading-api-docs/html/docs/zh-CN/margin_trading/account/Get-Summary-Of-Margin-Account.html
[2026年 02月 07日 星期六 10:51:05 CST] SKIPPED (up-to-date): /data/downloads/wallet/binance-margin_trading-api-docs/html/docs/zh-CN/margin_trading/account/Query-Isolated-Margin-Fee-Data.html
[2026年 02月 07日 星期六 10:51:05 CST] SKIPPED (up-to-date): /data/downloads/wallet/binance-margin_trading-api-docs/html/docs/zh-CN/margin_trading/account/Query-Cross-Margin-Fee-Data.html
[2026年 02月 07日 星期六 10:51:05 CST] SKIPPED (up-to-date): /data/downloads/wallet/binance-margin_trading-api-docs/html/docs/zh-CN/margin_trading/account/Adjust-Cross-Margin-Max-Leverage.html
[2026年 02月 07日 星期六 10:51:05 CST] SKIPPED (up-to-date): /data/downloads/wallet/binance-margin_trading-api-docs/html/docs/zh-CN/margin_trading/account/Get-BNB-Burn-Status.html
[2026年 02月 07日 星期六 10:51:05 CST] SKIPPED (up-to-date): /data/downloads/wallet/binance-margin_trading-api-docs/html/docs/zh-CN/margin_trading/account/Enable-Isolated-Margin-Account.html
[2026年 02月 07日 星期六 10:51:05 CST] SKIPPED (up-to-date): /data/downloads/wallet/binance-margin_trading-api-docs/html/docs/zh-CN/margin_trading/account/Query-Cross-Margin-Account-Details.html
[2026年 02月 07日 星期六 10:51:05 CST] SKIPPED (up-to-date): /data/downloads/wallet/binance-margin_trading-api-docs/html/docs/zh-CN/margin_trading/account/Query-Isolated-Margin-Account-Info.html
[2026年 02月 07日 星期六 10:51:05 CST] SKIPPED (up-to-date): /data/downloads/wallet/binance-margin_trading-api-docs/html/docs/zh-CN/margin_trading/borrow-and-repay/Margin-Account-Borrow-Repay.html
[2026年 02月 07日 星期六 10:51:05 CST] SKIPPED (up-to-date): /data/downloads/wallet/binance-margin_trading-api-docs/html/docs/zh-CN/margin_trading/borrow-and-repay/Query-Max-Borrow.html
[2026年 02月 07日 星期六 10:51:05 CST] SKIPPED (up-to-date): /data/downloads/wallet/binance-margin_trading-api-docs/html/docs/zh-CN/margin_trading/borrow-and-repay/Get-a-future-hourly-interest-rate.html
[2026年 02月 07日 星期六 10:51:05 CST] SKIPPED (up-to-date): /data/downloads/wallet/binance-margin_trading-api-docs/html/docs/zh-CN/margin_trading/borrow-and-repay/Get-Interest-History.html
[2026年 02月 07日 星期六 10:51:05 CST] SKIPPED (up-to-date): /data/downloads/wallet/binance-margin_trading-api-docs/html/docs/zh-CN/margin_trading/borrow-and-repay/Query-Borrow-Repay.html
[2026年 02月 07日 星期六 10:51:05 CST] SKIPPED (up-to-date): /data/downloads/wallet/binance-margin_trading-api-docs/html/docs/zh-CN/margin_trading/borrow-and-repay/Query-Margin-Interest-Rate-History.html
[2026年 02月 07日 星期六 10:51:05 CST] SKIPPED (up-to-date): /data/downloads/wallet/binance-margin_trading-api-docs/html/docs/zh-CN/margin_trading/transfer/Get-Cross-Margin-Transfer-History.html
[2026年 02月 07日 星期六 10:51:05 CST] SKIPPED (up-to-date): /data/downloads/wallet/binance-margin_trading-api-docs/html/docs/zh-CN/margin_trading/transfer/Query-Max-Transfer-Out-Amount.html
[2026年 02月 07日 星期六 10:51:05 CST] SKIPPED (up-to-date): /data/downloads/wallet/binance-margin_trading-api-docs/html/docs/zh-CN/margin_trading/borrow-and-repay.html
[2026年 02月 07日 星期六 10:51:05 CST] SKIPPED (up-to-date): /data/downloads/wallet/binance-margin_trading-api-docs/html/docs/zh-CN/margin_trading/trade-data-stream/Event-Balance-Update.html
[2026年 02月 07日 星期六 10:51:05 CST] SKIPPED (up-to-date): /data/downloads/wallet/binance-margin_trading-api-docs/html/docs/zh-CN/margin_trading/trade-data-stream/Listen-Token-Websocket-API.html
[2026年 02月 07日 星期六 10:51:05 CST] SKIPPED (up-to-date): /data/downloads/wallet/binance-margin_trading-api-docs/html/docs/zh-CN/margin_trading/trade-data-stream/Event-Account-Update.html
[2026年 02月 07日 星期六 10:51:05 CST] SKIPPED (up-to-date): /data/downloads/wallet/binance-margin_trading-api-docs/html/docs/zh-CN/margin_trading/trade-data-stream/Event-Order-Update.html
[2026年 02月 07日 星期六 10:51:05 CST] SKIPPED (up-to-date): /data/downloads/wallet/binance-margin_trading-api-docs/html/docs/zh-CN/margin_trading/trade-data-stream.html
[2026年 02月 07日 星期六 10:51:05 CST] SKIPPED (up-to-date): /data/downloads/wallet/binance-margin_trading-api-docs/html/docs/zh-CN/margin_trading/trade/Get-Small-Liability-Exchange-History.html
[2026年 02月 07日 星期六 10:51:05 CST] SKIPPED (up-to-date): /data/downloads/wallet/binance-margin_trading-api-docs/html/docs/zh-CN/margin_trading/trade/Margin-Account-New-OTOCO.html
[2026年 02月 07日 星期六 10:51:05 CST] SKIPPED (up-to-date): /data/downloads/wallet/binance-margin_trading-api-docs/html/docs/zh-CN/margin_trading/trade/Query-Special-Key-List-of-Low-Latency-Trading.html
[2026年 02月 07日 星期六 10:51:05 CST] SKIPPED (up-to-date): /data/downloads/wallet/binance-margin_trading-api-docs/html/docs/zh-CN/margin_trading/trade/Margin-Account-Cancel-Order.html
[2026年 02月 07日 星期六 10:51:05 CST] SKIPPED (up-to-date): /data/downloads/wallet/binance-margin_trading-api-docs/html/docs/zh-CN/margin_trading/trade/Margin-Account-New-OTO.html
[2026年 02月 07日 星期六 10:51:05 CST] SKIPPED (up-to-date): /data/downloads/wallet/binance-margin_trading-api-docs/html/docs/zh-CN/margin_trading/trade/Query-Margin-Account-All-Orders.html
[2026年 02月 07日 星期六 10:51:05 CST] SKIPPED (up-to-date): /data/downloads/wallet/binance-margin_trading-api-docs/html/docs/zh-CN/margin_trading/trade/Delete-Special-Key-of-Low-Latency-Trading.html
[2026年 02月 07日 星期六 10:51:05 CST] SKIPPED (up-to-date): /data/downloads/wallet/binance-margin_trading-api-docs/html/docs/zh-CN/margin_trading/trade/Query-Margin-Account-All-OCO.html
[2026年 02月 07日 星期六 10:51:05 CST] SKIPPED (up-to-date): /data/downloads/wallet/binance-margin_trading-api-docs/html/docs/zh-CN/margin_trading/trade/Query-Margin-Account-Order.html
[2026年 02月 07日 星期六 10:51:05 CST] SKIPPED (up-to-date): /data/downloads/wallet/binance-margin_trading-api-docs/html/docs/zh-CN/margin_trading/trade/Query-Margin-Account-Open-OCO.html
[2026年 02月 07日 星期六 10:51:05 CST] SKIPPED (up-to-date): /data/downloads/wallet/binance-margin_trading-api-docs/html/docs/zh-CN/margin_trading/trade/Small-Liability-Exchange.html
[2026年 02月 07日 星期六 10:51:05 CST] SKIPPED (up-to-date): /data/downloads/wallet/binance-margin_trading-api-docs/html/docs/zh-CN/margin_trading/trade/Edit-ip-for-Special-Key-of-Low-Latency-Trading.html
[2026年 02月 07日 星期六 10:51:05 CST] SKIPPED (up-to-date): /data/downloads/wallet/binance-margin_trading-api-docs/html/docs/zh-CN/margin_trading/trade/Create-Special-Key-of-Low-Latency-Trading.html
[2026年 02月 07日 星期六 10:51:05 CST] SKIPPED (up-to-date): /data/downloads/wallet/binance-margin_trading-api-docs/html/docs/zh-CN/margin_trading/trade/Margin-Account-Cancel-All-Open-Orders.html
[2026年 02月 07日 星期六 10:51:05 CST] SKIPPED (up-to-date): /data/downloads/wallet/binance-margin_trading-api-docs/html/docs/zh-CN/margin_trading/trade/Query-Margin-Account-Open-Orders.html
[2026年 02月 07日 星期六 10:51:05 CST] SKIPPED (up-to-date): /data/downloads/wallet/binance-margin_trading-api-docs/html/docs/zh-CN/margin_trading/trade/Get-Small-Liability-Exchange-Coin-List.html
[2026年 02月 07日 星期六 10:51:05 CST] SKIPPED (up-to-date): /data/downloads/wallet/binance-margin_trading-api-docs/html/docs/zh-CN/margin_trading/trade/Margin-Account-New-Order.html
[2026年 02月 07日 星期六 10:51:05 CST] SKIPPED (up-to-date): /data/downloads/wallet/binance-margin_trading-api-docs/html/docs/zh-CN/margin_trading/trade/Query-Special-Key-of-Low-Latency-Trading.html
[2026年 02月 07日 星期六 10:51:05 CST] SKIPPED (up-to-date): /data/downloads/wallet/binance-margin_trading-api-docs/html/docs/zh-CN/margin_trading/trade/Margin-Manual-Liquidation.html
[2026年 02月 07日 星期六 10:51:05 CST] SKIPPED (up-to-date): /data/downloads/wallet/binance-margin_trading-api-docs/html/docs/zh-CN/margin_trading/trade/Margin-Account-New-OCO.html
[2026年 02月 07日 星期六 10:51:05 CST] SKIPPED (up-to-date): /data/downloads/wallet/binance-margin_trading-api-docs/html/docs/zh-CN/margin_trading/trade/Query-Current-Margin-Order-Count-Usage.html
[2026年 02月 07日 星期六 10:51:05 CST] SKIPPED (up-to-date): /data/downloads/wallet/binance-margin_trading-api-docs/html/docs/zh-CN/margin_trading/trade/Query-Margin-Account-Trade-List.html
[2026年 02月 07日 星期六 10:51:05 CST] SKIPPED (up-to-date): /data/downloads/wallet/binance-margin_trading-api-docs/html/docs/zh-CN/margin_trading/trade/Margin-Account-Cancel-OCO.html
[2026年 02月 07日 星期六 10:51:05 CST] SKIPPED (up-to-date): /data/downloads/wallet/binance-margin_trading-api-docs/html/docs/zh-CN/margin_trading/trade/Query-Margin-Account-OCO.html
[2026年 02月 07日 星期六 10:51:05 CST] SKIPPED (up-to-date): /data/downloads/wallet/binance-margin_trading-api-docs/html/docs/zh-CN/margin_trading/trade/Get-Force-Liquidation-Record.html
[2026年 02月 07日 星期六 10:51:05 CST] SKIPPED (up-to-date): /data/downloads/wallet/binance-margin_trading-api-docs/html/docs/zh-CN/margin_trading/risk-data-stream/Event-Liability-Update.html
[2026年 02月 07日 星期六 10:51:05 CST] SKIPPED (up-to-date): /data/downloads/wallet/binance-margin_trading-api-docs/html/docs/zh-CN/margin_trading/risk-data-stream/Event-Margin-Call.html
[2026年 02月 07日 星期六 10:51:05 CST] SKIPPED (up-to-date): /data/downloads/wallet/binance-margin_trading-api-docs/html/docs/zh-CN/margin_trading/risk-data-stream/Connect.html
[2026年 02月 07日 星期六 10:51:05 CST] SKIPPED (up-to-date): /data/downloads/wallet/binance-margin_trading-api-docs/html/docs/zh-CN/margin_trading/risk-data-stream/Start-User-Data-Stream.html
[2026年 02月 07日 星期六 10:51:05 CST] SKIPPED (up-to-date): /data/downloads/wallet/binance-margin_trading-api-docs/html/docs/zh-CN/margin_trading/risk-data-stream/Keepalive-User-Data-Stream.html
[2026年 02月 07日 星期六 10:51:05 CST] SKIPPED (up-to-date): /data/downloads/wallet/binance-margin_trading-api-docs/html/docs/zh-CN/margin_trading/risk-data-stream/Close-User-Data-Stream.html
[2026年 02月 07日 星期六 10:51:05 CST] SKIPPED (up-to-date): /data/downloads/wallet/binance-margin_trading-api-docs/html/docs/zh-CN/margin_trading/trade.html
[2026年 02月 07日 星期六 10:51:05 CST] SKIPPED (up-to-date): /data/downloads/wallet/binance-margin_trading-api-docs/html/docs/zh-CN/margin_trading/risk-data-stream.html
[2026年 02月 07日 星期六 10:51:05 CST] SKIPPED (up-to-date): /data/downloads/wallet/binance-margin_trading-api-docs/html/docs/zh-CN/margin_trading/common-definition.html
[2026年 02月 07日 星期六 10:51:05 CST] SKIPPED (up-to-date): /data/downloads/wallet/binance-margin_trading-api-docs/html/docs/zh-CN/margin_trading/market-data/Query-Isolated-Margin-Tier-Data.html
[2026年 02月 07日 星期六 10:51:05 CST] SKIPPED (up-to-date): /data/downloads/wallet/binance-margin_trading-api-docs/html/docs/zh-CN/margin_trading/market-data/Get-All-Margin-Assets.html
[2026年 02月 07日 星期六 10:51:05 CST] SKIPPED (up-to-date): /data/downloads/wallet/binance-margin_trading-api-docs/html/docs/zh-CN/margin_trading/market-data/Get-Delist-Schedule.html
[2026年 02月 07日 星期六 10:51:05 CST] SKIPPED (up-to-date): /data/downloads/wallet/binance-margin_trading-api-docs/html/docs/zh-CN/margin_trading/market-data/Get-Margin-Asset-Risk-Based-Liquidation-Ratio.html
[2026年 02月 07日 星期六 10:51:05 CST] SKIPPED (up-to-date): /data/downloads/wallet/binance-margin_trading-api-docs/html/docs/zh-CN/margin_trading/market-data/Query-margin-avaliable-inventory.html
[2026年 02月 07日 星期六 10:51:05 CST] SKIPPED (up-to-date): /data/downloads/wallet/binance-margin_trading-api-docs/html/docs/zh-CN/margin_trading/market-data/Get-All-Isolated-Margin-Symbol.html
[2026年 02月 07日 星期六 10:51:05 CST] SKIPPED (up-to-date): /data/downloads/wallet/binance-margin_trading-api-docs/html/docs/zh-CN/margin_trading/market-data/Get-List-Schedule.html
[2026年 02月 07日 星期六 10:51:05 CST] SKIPPED (up-to-date): /data/downloads/wallet/binance-margin_trading-api-docs/html/docs/zh-CN/margin_trading/market-data/Get-Limit-Price-Pairs.html
[2026年 02月 07日 星期六 10:51:05 CST] SKIPPED (up-to-date): /data/downloads/wallet/binance-margin_trading-api-docs/html/docs/zh-CN/margin_trading/market-data/Cross-margin-collateral-ratio.html
[2026年 02月 07日 星期六 10:51:05 CST] SKIPPED (up-to-date): /data/downloads/wallet/binance-margin_trading-api-docs/html/docs/zh-CN/margin_trading/market-data/Query-Liability-Coin-Leverage-Bracket-in-Cross-Margin-Pro-Mode.html
[2026年 02月 07日 星期六 10:51:05 CST] SKIPPED (up-to-date): /data/downloads/wallet/binance-margin_trading-api-docs/html/docs/zh-CN/margin_trading/market-data/Query-Margin-PriceIndex.html
[2026年 02月 07日 星期六 10:51:05 CST] SKIPPED (up-to-date): /data/downloads/wallet/binance-margin_trading-api-docs/html/docs/zh-CN/margin_trading/market-data/Get-All-Cross-Margin-Pairs.html
[2026年 02月 07日 星期六 10:51:05 CST] SKIPPED (up-to-date): /data/downloads/wallet/binance-margin_trading-api-docs/html/docs/zh-CN/margin_trading/error-code.html
[2026年 02月 07日 星期六 10:51:05 CST] SKIPPED (up-to-date): /data/downloads/wallet/binance-margin_trading-api-docs/html/docs/zh-CN/margin_trading/change-log.html
[2026年 02月 07日 星期六 10:51:05 CST] SKIPPED (up-to-date): /data/downloads/wallet/binance-margin_trading-api-docs/html/docs/zh-CN/margin_trading/best-practice.html
[2026年 02月 07日 星期六 10:51:05 CST] SKIPPED (up-to-date): /data/downloads/wallet/binance-margin_trading-api-docs/html/docs/zh-CN/margin_trading/general-info.html
[2026年 02月 07日 星期六 10:51:05 CST] SKIPPED (up-to-date): /data/downloads/wallet/binance-margin_trading-api-docs/html/docs/zh-CN/margin_trading/Introduction.html
[2026年 02月 07日 星期六 10:51:05 CST] SKIPPED (up-to-date): /data/downloads/wallet/binance-margin_trading-api-docs/html/docs/zh-CN/margin_trading/transfer.html
[2026年 02月 07日 星期六 10:51:05 CST] SKIPPED (up-to-date): /data/downloads/wallet/binance-margin_trading-api-docs/html/docs/zh-CN/margin_trading/account.html
=== 转换日志 - 2026年 02月 07日 星期六 10:52:00 CST ===
[2026年 02月 07日 星期六 10:52:02 CST] SKIPPED (up-to-date): /data/downloads/wallet/binance-margin_trading-api-docs/html/docs/zh-CN/wallet/asset/dust-transfer.html
[2026年 02月 07日 星期六 10:52:02 CST] SKIPPED (up-to-date): /data/downloads/wallet/binance-margin_trading-api-docs/html/docs/zh-CN/wallet/asset/dust-convertible-assets.html
[2026年 02月 07日 星期六 10:52:02 CST] SKIPPED (up-to-date): /data/downloads/wallet/binance-margin_trading-api-docs/html/docs/zh-CN/wallet/asset/user-universal-transfer.html
[2026年 02月 07日 星期六 10:52:02 CST] SKIPPED (up-to-date): /data/downloads/wallet/binance-margin_trading-api-docs/html/docs/zh-CN/wallet/asset/query-user-wallet-balance.html
[2026年 02月 07日 星期六 10:52:02 CST] SKIPPED (up-to-date): /data/downloads/wallet/binance-margin_trading-api-docs/html/docs/zh-CN/wallet/asset/query-user-universal-transfer.html
[2026年 02月 07日 星期六 10:52:02 CST] SKIPPED (up-to-date): /data/downloads/wallet/binance-margin_trading-api-docs/html/docs/zh-CN/wallet/asset/trade-fee.html
[2026年 02月 07日 星期六 10:52:02 CST] SKIPPED (up-to-date): /data/downloads/wallet/binance-margin_trading-api-docs/html/docs/zh-CN/wallet/asset/spot-delist-schedule.html
[2026年 02月 07日 星期六 10:52:02 CST] SKIPPED (up-to-date): /data/downloads/wallet/binance-margin_trading-api-docs/html/docs/zh-CN/wallet/asset/Toggle-BNB-Burn-On-Spot-Trade-And-Margin-Interest.html
[2026年 02月 07日 星期六 10:52:02 CST] SKIPPED (up-to-date): /data/downloads/wallet/binance-margin_trading-api-docs/html/docs/zh-CN/wallet/asset/dust-log.html
[2026年 02月 07日 星期六 10:52:02 CST] SKIPPED (up-to-date): /data/downloads/wallet/binance-margin_trading-api-docs/html/docs/zh-CN/wallet/asset/cloud-mining-payment-and-refund-history.html
[2026年 02月 07日 星期六 10:52:02 CST] SKIPPED (up-to-date): /data/downloads/wallet/binance-margin_trading-api-docs/html/docs/zh-CN/wallet/asset/user-assets.html
[2026年 02月 07日 星期六 10:52:02 CST] SKIPPED (up-to-date): /data/downloads/wallet/binance-margin_trading-api-docs/html/docs/zh-CN/wallet/asset/assets-can-convert-bnb.html
[2026年 02月 07日 星期六 10:52:02 CST] SKIPPED (up-to-date): /data/downloads/wallet/binance-margin_trading-api-docs/html/docs/zh-CN/wallet/asset/assets-divided-record.html
[2026年 02月 07日 星期六 10:52:02 CST] SKIPPED (up-to-date): /data/downloads/wallet/binance-margin_trading-api-docs/html/docs/zh-CN/wallet/asset/query-user-delegation.html
[2026年 02月 07日 星期六 10:52:02 CST] SKIPPED (up-to-date): /data/downloads/wallet/binance-margin_trading-api-docs/html/docs/zh-CN/wallet/asset/dust-convert.html
[2026年 02月 07日 星期六 10:52:02 CST] SKIPPED (up-to-date): /data/downloads/wallet/binance-margin_trading-api-docs/html/docs/zh-CN/wallet/asset/asset-detail.html
[2026年 02月 07日 星期六 10:52:02 CST] SKIPPED (up-to-date): /data/downloads/wallet/binance-margin_trading-api-docs/html/docs/zh-CN/wallet/asset/funding-wallet.html
[2026年 02月 07日 星期六 10:52:02 CST] SKIPPED (up-to-date): /data/downloads/wallet/binance-margin_trading-api-docs/html/docs/zh-CN/wallet/asset/open-symbol-list.html
[2026年 02月 07日 星期六 10:52:02 CST] SUCCESS: /data/downloads/wallet/binance-margin_trading-api-docs/html/docs/zh-CN/wallet/asset.html -> /data/downloads/wallet/binance-margin_trading-api-docs/markdown/docs/zh-CN/wallet/asset.md
[2026年 02月 07日 星期六 10:52:02 CST] SKIPPED (up-to-date): /data/downloads/wallet/binance-margin_trading-api-docs/html/docs/zh-CN/wallet/quick-start.html
[2026年 02月 07日 星期六 10:52:02 CST] SKIPPED (up-to-date): /data/downloads/wallet/binance-margin_trading-api-docs/html/docs/zh-CN/wallet/account/daily-account-snapshoot.html
[2026年 02月 07日 星期六 10:52:02 CST] SKIPPED (up-to-date): /data/downloads/wallet/binance-margin_trading-api-docs/html/docs/zh-CN/wallet/account/account-info.html
[2026年 02月 07日 星期六 10:52:02 CST] SKIPPED (up-to-date): /data/downloads/wallet/binance-margin_trading-api-docs/html/docs/zh-CN/wallet/account/account-status.html
[2026年 02月 07日 星期六 10:52:02 CST] SKIPPED (up-to-date): /data/downloads/wallet/binance-margin_trading-api-docs/html/docs/zh-CN/wallet/account/disable-fast-withdraw-switch.html
[2026年 02月 07日 星期六 10:52:02 CST] SKIPPED (up-to-date): /data/downloads/wallet/binance-margin_trading-api-docs/html/docs/zh-CN/wallet/account/enable-fast-withdraw-switch.html
[2026年 02月 07日 星期六 10:52:02 CST] SKIPPED (up-to-date): /data/downloads/wallet/binance-margin_trading-api-docs/html/docs/zh-CN/wallet/account/account-api-trading-status.html
[2026年 02月 07日 星期六 10:52:02 CST] SKIPPED (up-to-date): /data/downloads/wallet/binance-margin_trading-api-docs/html/docs/zh-CN/wallet/account/api-key-permission.html
[2026年 02月 07日 星期六 10:52:02 CST] SUCCESS: /data/downloads/wallet/binance-margin_trading-api-docs/html/docs/zh-CN/wallet/capital.html -> /data/downloads/wallet/binance-margin_trading-api-docs/markdown/docs/zh-CN/wallet/capital.md
[2026年 02月 07日 星期六 10:52:02 CST] SUCCESS: /data/downloads/wallet/binance-margin_trading-api-docs/html/docs/zh-CN/wallet/others.html -> /data/downloads/wallet/binance-margin_trading-api-docs/markdown/docs/zh-CN/wallet/others.md
[2026年 02月 07日 星期六 10:52:02 CST] SKIPPED (up-to-date): /data/downloads/wallet/binance-margin_trading-api-docs/html/docs/zh-CN/wallet/travel-rule/questionnaire-requirements.html
[2026年 02月 07日 星期六 10:52:02 CST] SKIPPED (up-to-date): /data/downloads/wallet/binance-margin_trading-api-docs/html/docs/zh-CN/wallet/travel-rule/withdraw-questionnaire.html
[2026年 02月 07日 星期六 10:52:02 CST] SKIPPED (up-to-date): /data/downloads/wallet/binance-margin_trading-api-docs/html/docs/zh-CN/wallet/travel-rule/deposit-history-v2.html
[2026年 02月 07日 星期六 10:52:02 CST] SKIPPED (up-to-date): /data/downloads/wallet/binance-margin_trading-api-docs/html/docs/zh-CN/wallet/travel-rule/appendix.html
[2026年 02月 07日 星期六 10:52:02 CST] SKIPPED (up-to-date): /data/downloads/wallet/binance-margin_trading-api-docs/html/docs/zh-CN/wallet/travel-rule/broker-withdraw.html
[2026年 02月 07日 星期六 10:52:02 CST] SKIPPED (up-to-date): /data/downloads/wallet/binance-margin_trading-api-docs/html/docs/zh-CN/wallet/travel-rule/withdraw.html
[2026年 02月 07日 星期六 10:52:02 CST] SKIPPED (up-to-date): /data/downloads/wallet/binance-margin_trading-api-docs/html/docs/zh-CN/wallet/travel-rule/deposit-questionnaire.html
[2026年 02月 07日 星期六 10:52:02 CST] SKIPPED (up-to-date): /data/downloads/wallet/binance-margin_trading-api-docs/html/docs/zh-CN/wallet/travel-rule/address-verification-list.html
[2026年 02月 07日 星期六 10:52:02 CST] SKIPPED (up-to-date): /data/downloads/wallet/binance-margin_trading-api-docs/html/docs/zh-CN/wallet/travel-rule/withdraw-history.html
[2026年 02月 07日 星期六 10:52:02 CST] SKIPPED (up-to-date): /data/downloads/wallet/binance-margin_trading-api-docs/html/docs/zh-CN/wallet/travel-rule/broker-deposit-provide-info.html
[2026年 02月 07日 星期六 10:52:02 CST] SKIPPED (up-to-date): /data/downloads/wallet/binance-margin_trading-api-docs/html/docs/zh-CN/wallet/travel-rule/deposit-provide-info-v2.html
[2026年 02月 07日 星期六 10:52:02 CST] SKIPPED (up-to-date): /data/downloads/wallet/binance-margin_trading-api-docs/html/docs/zh-CN/wallet/travel-rule/onboarded-vasp-list.html
[2026年 02月 07日 星期六 10:52:02 CST] SKIPPED (up-to-date): /data/downloads/wallet/binance-margin_trading-api-docs/html/docs/zh-CN/wallet/travel-rule/deposit-history.html
[2026年 02月 07日 星期六 10:52:02 CST] SKIPPED (up-to-date): /data/downloads/wallet/binance-margin_trading-api-docs/html/docs/zh-CN/wallet/travel-rule/withdraw-history-v2.html
[2026年 02月 07日 星期六 10:52:02 CST] SKIPPED (up-to-date): /data/downloads/wallet/binance-margin_trading-api-docs/html/docs/zh-CN/wallet/travel-rule/deposit-provide-info.html
[2026年 02月 07日 星期六 10:52:02 CST] SUCCESS: /data/downloads/wallet/binance-margin_trading-api-docs/html/docs/zh-CN/wallet/travel-rule.html -> /data/downloads/wallet/binance-margin_trading-api-docs/markdown/docs/zh-CN/wallet/travel-rule.md
[2026年 02月 07日 星期六 10:52:02 CST] SKIPPED (up-to-date): /data/downloads/wallet/binance-margin_trading-api-docs/html/docs/zh-CN/wallet/error-code.html
[2026年 02月 07日 星期六 10:52:02 CST] SKIPPED (up-to-date): /data/downloads/wallet/binance-margin_trading-api-docs/html/docs/zh-CN/wallet/change-log.html
[2026年 02月 07日 星期六 10:52:02 CST] SKIPPED (up-to-date): /data/downloads/wallet/binance-margin_trading-api-docs/html/docs/zh-CN/wallet/contact-us.html
[2026年 02月 07日 星期六 10:52:02 CST] SKIPPED (up-to-date): /data/downloads/wallet/binance-margin_trading-api-docs/html/docs/zh-CN/wallet/general-info.html
[2026年 02月 07日 星期六 10:52:02 CST] SKIPPED (up-to-date): /data/downloads/wallet/binance-margin_trading-api-docs/html/docs/zh-CN/wallet/Introduction.html
[2026年 02月 07日 星期六 10:52:02 CST] SKIPPED (up-to-date): /data/downloads/wallet/binance-margin_trading-api-docs/html/docs/zh-CN/wallet/capital/deposite-address.html
[2026年 02月 07日 星期六 10:52:02 CST] SKIPPED (up-to-date): /data/downloads/wallet/binance-margin_trading-api-docs/html/docs/zh-CN/wallet/capital/fetch-withdraw-quota.html
[2026年 02月 07日 星期六 10:52:02 CST] SKIPPED (up-to-date): /data/downloads/wallet/binance-margin_trading-api-docs/html/docs/zh-CN/wallet/capital/fetch-deposit-address-list-with-network.html
[2026年 02月 07日 星期六 10:52:02 CST] SKIPPED (up-to-date): /data/downloads/wallet/binance-margin_trading-api-docs/html/docs/zh-CN/wallet/capital/withdraw.html
[2026年 02月 07日 星期六 10:52:02 CST] SKIPPED (up-to-date): /data/downloads/wallet/binance-margin_trading-api-docs/html/docs/zh-CN/wallet/capital/fetch-withdraw-address.html
[2026年 02月 07日 星期六 10:52:02 CST] SKIPPED (up-to-date): /data/downloads/wallet/binance-margin_trading-api-docs/html/docs/zh-CN/wallet/capital/withdraw-history.html
[2026年 02月 07日 星期六 10:52:02 CST] SKIPPED (up-to-date): /data/downloads/wallet/binance-margin_trading-api-docs/html/docs/zh-CN/wallet/capital/one-click-arrival-deposite-apply.html
[2026年 02月 07日 星期六 10:52:02 CST] SKIPPED (up-to-date): /data/downloads/wallet/binance-margin_trading-api-docs/html/docs/zh-CN/wallet/capital/all-coins-info.html
[2026年 02月 07日 星期六 10:52:02 CST] SKIPPED (up-to-date): /data/downloads/wallet/binance-margin_trading-api-docs/html/docs/zh-CN/wallet/capital/deposite-history.html
[2026年 02月 07日 星期六 10:52:02 CST] SUCCESS: /data/downloads/wallet/binance-margin_trading-api-docs/html/docs/zh-CN/wallet/account.html -> /data/downloads/wallet/binance-margin_trading-api-docs/markdown/docs/zh-CN/wallet/account.md
[2026年 02月 07日 星期六 10:52:02 CST] SKIPPED (up-to-date): /data/downloads/wallet/binance-margin_trading-api-docs/html/docs/zh-CN/wallet/others/delist-schedule.html
[2026年 02月 07日 星期六 10:52:02 CST] SKIPPED (up-to-date): /data/downloads/wallet/binance-margin_trading-api-docs/html/docs/zh-CN/wallet/others/system-status.html
[2026年 02月 07日 星期六 10:52:02 CST] SKIPPED (up-to-date): /data/downloads/wallet/binance-margin_trading-api-docs/html/docs/zh-CN/margin_trading/market-data.html
[2026年 02月 07日 星期六 10:52:02 CST] SKIPPED (up-to-date): /data/downloads/wallet/binance-margin_trading-api-docs/html/docs/zh-CN/margin_trading/account/Disable-Isolated-Margin-Account.html
[2026年 02月 07日 星期六 10:52:02 CST] SKIPPED (up-to-date): /data/downloads/wallet/binance-margin_trading-api-docs/html/docs/zh-CN/margin_trading/account/Query-Cross-Isolated-Margin-Capital-Flow.html
[2026年 02月 07日 星期六 10:52:02 CST] SKIPPED (up-to-date): /data/downloads/wallet/binance-margin_trading-api-docs/html/docs/zh-CN/margin_trading/account/Query-Enabled-Isolated-Margin-Account-Limit.html
[2026年 02月 07日 星期六 10:52:02 CST] SKIPPED (up-to-date): /data/downloads/wallet/binance-margin_trading-api-docs/html/docs/zh-CN/margin_trading/account/Get-Summary-Of-Margin-Account.html
[2026年 02月 07日 星期六 10:52:02 CST] SKIPPED (up-to-date): /data/downloads/wallet/binance-margin_trading-api-docs/html/docs/zh-CN/margin_trading/account/Query-Isolated-Margin-Fee-Data.html
[2026年 02月 07日 星期六 10:52:02 CST] SKIPPED (up-to-date): /data/downloads/wallet/binance-margin_trading-api-docs/html/docs/zh-CN/margin_trading/account/Query-Cross-Margin-Fee-Data.html
[2026年 02月 07日 星期六 10:52:02 CST] SKIPPED (up-to-date): /data/downloads/wallet/binance-margin_trading-api-docs/html/docs/zh-CN/margin_trading/account/Adjust-Cross-Margin-Max-Leverage.html
[2026年 02月 07日 星期六 10:52:02 CST] SKIPPED (up-to-date): /data/downloads/wallet/binance-margin_trading-api-docs/html/docs/zh-CN/margin_trading/account/Get-BNB-Burn-Status.html
[2026年 02月 07日 星期六 10:52:02 CST] SKIPPED (up-to-date): /data/downloads/wallet/binance-margin_trading-api-docs/html/docs/zh-CN/margin_trading/account/Enable-Isolated-Margin-Account.html
[2026年 02月 07日 星期六 10:52:02 CST] SKIPPED (up-to-date): /data/downloads/wallet/binance-margin_trading-api-docs/html/docs/zh-CN/margin_trading/account/Query-Cross-Margin-Account-Details.html
[2026年 02月 07日 星期六 10:52:02 CST] SKIPPED (up-to-date): /data/downloads/wallet/binance-margin_trading-api-docs/html/docs/zh-CN/margin_trading/account/Query-Isolated-Margin-Account-Info.html
[2026年 02月 07日 星期六 10:52:02 CST] SKIPPED (up-to-date): /data/downloads/wallet/binance-margin_trading-api-docs/html/docs/zh-CN/margin_trading/borrow-and-repay/Margin-Account-Borrow-Repay.html
[2026年 02月 07日 星期六 10:52:02 CST] SKIPPED (up-to-date): /data/downloads/wallet/binance-margin_trading-api-docs/html/docs/zh-CN/margin_trading/borrow-and-repay/Query-Max-Borrow.html
[2026年 02月 07日 星期六 10:52:02 CST] SKIPPED (up-to-date): /data/downloads/wallet/binance-margin_trading-api-docs/html/docs/zh-CN/margin_trading/borrow-and-repay/Get-a-future-hourly-interest-rate.html
[2026年 02月 07日 星期六 10:52:02 CST] SKIPPED (up-to-date): /data/downloads/wallet/binance-margin_trading-api-docs/html/docs/zh-CN/margin_trading/borrow-and-repay/Get-Interest-History.html
[2026年 02月 07日 星期六 10:52:02 CST] SKIPPED (up-to-date): /data/downloads/wallet/binance-margin_trading-api-docs/html/docs/zh-CN/margin_trading/borrow-and-repay/Query-Borrow-Repay.html
[2026年 02月 07日 星期六 10:52:02 CST] SKIPPED (up-to-date): /data/downloads/wallet/binance-margin_trading-api-docs/html/docs/zh-CN/margin_trading/borrow-and-repay/Query-Margin-Interest-Rate-History.html
[2026年 02月 07日 星期六 10:52:02 CST] SKIPPED (up-to-date): /data/downloads/wallet/binance-margin_trading-api-docs/html/docs/zh-CN/margin_trading/transfer/Get-Cross-Margin-Transfer-History.html
[2026年 02月 07日 星期六 10:52:02 CST] SKIPPED (up-to-date): /data/downloads/wallet/binance-margin_trading-api-docs/html/docs/zh-CN/margin_trading/transfer/Query-Max-Transfer-Out-Amount.html
[2026年 02月 07日 星期六 10:52:02 CST] SKIPPED (up-to-date): /data/downloads/wallet/binance-margin_trading-api-docs/html/docs/zh-CN/margin_trading/borrow-and-repay.html
[2026年 02月 07日 星期六 10:52:02 CST] SKIPPED (up-to-date): /data/downloads/wallet/binance-margin_trading-api-docs/html/docs/zh-CN/margin_trading/trade-data-stream/Event-Balance-Update.html
[2026年 02月 07日 星期六 10:52:02 CST] SKIPPED (up-to-date): /data/downloads/wallet/binance-margin_trading-api-docs/html/docs/zh-CN/margin_trading/trade-data-stream/Listen-Token-Websocket-API.html
[2026年 02月 07日 星期六 10:52:02 CST] SKIPPED (up-to-date): /data/downloads/wallet/binance-margin_trading-api-docs/html/docs/zh-CN/margin_trading/trade-data-stream/Event-Account-Update.html
[2026年 02月 07日 星期六 10:52:02 CST] SKIPPED (up-to-date): /data/downloads/wallet/binance-margin_trading-api-docs/html/docs/zh-CN/margin_trading/trade-data-stream/Event-Order-Update.html
[2026年 02月 07日 星期六 10:52:02 CST] SKIPPED (up-to-date): /data/downloads/wallet/binance-margin_trading-api-docs/html/docs/zh-CN/margin_trading/trade-data-stream.html
[2026年 02月 07日 星期六 10:52:02 CST] SKIPPED (up-to-date): /data/downloads/wallet/binance-margin_trading-api-docs/html/docs/zh-CN/margin_trading/trade/Get-Small-Liability-Exchange-History.html
[2026年 02月 07日 星期六 10:52:02 CST] SKIPPED (up-to-date): /data/downloads/wallet/binance-margin_trading-api-docs/html/docs/zh-CN/margin_trading/trade/Margin-Account-New-OTOCO.html
[2026年 02月 07日 星期六 10:52:02 CST] SKIPPED (up-to-date): /data/downloads/wallet/binance-margin_trading-api-docs/html/docs/zh-CN/margin_trading/trade/Query-Special-Key-List-of-Low-Latency-Trading.html
[2026年 02月 07日 星期六 10:52:02 CST] SKIPPED (up-to-date): /data/downloads/wallet/binance-margin_trading-api-docs/html/docs/zh-CN/margin_trading/trade/Margin-Account-Cancel-Order.html
[2026年 02月 07日 星期六 10:52:02 CST] SKIPPED (up-to-date): /data/downloads/wallet/binance-margin_trading-api-docs/html/docs/zh-CN/margin_trading/trade/Margin-Account-New-OTO.html
[2026年 02月 07日 星期六 10:52:02 CST] SKIPPED (up-to-date): /data/downloads/wallet/binance-margin_trading-api-docs/html/docs/zh-CN/margin_trading/trade/Query-Margin-Account-All-Orders.html
[2026年 02月 07日 星期六 10:52:02 CST] SKIPPED (up-to-date): /data/downloads/wallet/binance-margin_trading-api-docs/html/docs/zh-CN/margin_trading/trade/Delete-Special-Key-of-Low-Latency-Trading.html
[2026年 02月 07日 星期六 10:52:02 CST] SKIPPED (up-to-date): /data/downloads/wallet/binance-margin_trading-api-docs/html/docs/zh-CN/margin_trading/trade/Query-Margin-Account-All-OCO.html
[2026年 02月 07日 星期六 10:52:02 CST] SKIPPED (up-to-date): /data/downloads/wallet/binance-margin_trading-api-docs/html/docs/zh-CN/margin_trading/trade/Query-Margin-Account-Order.html
[2026年 02月 07日 星期六 10:52:02 CST] SKIPPED (up-to-date): /data/downloads/wallet/binance-margin_trading-api-docs/html/docs/zh-CN/margin_trading/trade/Query-Margin-Account-Open-OCO.html
[2026年 02月 07日 星期六 10:52:02 CST] SKIPPED (up-to-date): /data/downloads/wallet/binance-margin_trading-api-docs/html/docs/zh-CN/margin_trading/trade/Small-Liability-Exchange.html
[2026年 02月 07日 星期六 10:52:02 CST] SKIPPED (up-to-date): /data/downloads/wallet/binance-margin_trading-api-docs/html/docs/zh-CN/margin_trading/trade/Edit-ip-for-Special-Key-of-Low-Latency-Trading.html
[2026年 02月 07日 星期六 10:52:02 CST] SKIPPED (up-to-date): /data/downloads/wallet/binance-margin_trading-api-docs/html/docs/zh-CN/margin_trading/trade/Create-Special-Key-of-Low-Latency-Trading.html
[2026年 02月 07日 星期六 10:52:02 CST] SKIPPED (up-to-date): /data/downloads/wallet/binance-margin_trading-api-docs/html/docs/zh-CN/margin_trading/trade/Margin-Account-Cancel-All-Open-Orders.html
[2026年 02月 07日 星期六 10:52:02 CST] SKIPPED (up-to-date): /data/downloads/wallet/binance-margin_trading-api-docs/html/docs/zh-CN/margin_trading/trade/Query-Margin-Account-Open-Orders.html
[2026年 02月 07日 星期六 10:52:02 CST] SKIPPED (up-to-date): /data/downloads/wallet/binance-margin_trading-api-docs/html/docs/zh-CN/margin_trading/trade/Get-Small-Liability-Exchange-Coin-List.html
[2026年 02月 07日 星期六 10:52:02 CST] SKIPPED (up-to-date): /data/downloads/wallet/binance-margin_trading-api-docs/html/docs/zh-CN/margin_trading/trade/Margin-Account-New-Order.html
[2026年 02月 07日 星期六 10:52:03 CST] SKIPPED (up-to-date): /data/downloads/wallet/binance-margin_trading-api-docs/html/docs/zh-CN/margin_trading/trade/Query-Special-Key-of-Low-Latency-Trading.html
[2026年 02月 07日 星期六 10:52:03 CST] SKIPPED (up-to-date): /data/downloads/wallet/binance-margin_trading-api-docs/html/docs/zh-CN/margin_trading/trade/Margin-Manual-Liquidation.html
[2026年 02月 07日 星期六 10:52:03 CST] SKIPPED (up-to-date): /data/downloads/wallet/binance-margin_trading-api-docs/html/docs/zh-CN/margin_trading/trade/Margin-Account-New-OCO.html
[2026年 02月 07日 星期六 10:52:03 CST] SKIPPED (up-to-date): /data/downloads/wallet/binance-margin_trading-api-docs/html/docs/zh-CN/margin_trading/trade/Query-Current-Margin-Order-Count-Usage.html
[2026年 02月 07日 星期六 10:52:03 CST] SKIPPED (up-to-date): /data/downloads/wallet/binance-margin_trading-api-docs/html/docs/zh-CN/margin_trading/trade/Query-Margin-Account-Trade-List.html
[2026年 02月 07日 星期六 10:52:03 CST] SKIPPED (up-to-date): /data/downloads/wallet/binance-margin_trading-api-docs/html/docs/zh-CN/margin_trading/trade/Margin-Account-Cancel-OCO.html
[2026年 02月 07日 星期六 10:52:03 CST] SKIPPED (up-to-date): /data/downloads/wallet/binance-margin_trading-api-docs/html/docs/zh-CN/margin_trading/trade/Query-Margin-Account-OCO.html
[2026年 02月 07日 星期六 10:52:03 CST] SKIPPED (up-to-date): /data/downloads/wallet/binance-margin_trading-api-docs/html/docs/zh-CN/margin_trading/trade/Get-Force-Liquidation-Record.html
[2026年 02月 07日 星期六 10:52:03 CST] SKIPPED (up-to-date): /data/downloads/wallet/binance-margin_trading-api-docs/html/docs/zh-CN/margin_trading/risk-data-stream/Event-Liability-Update.html
[2026年 02月 07日 星期六 10:52:03 CST] SKIPPED (up-to-date): /data/downloads/wallet/binance-margin_trading-api-docs/html/docs/zh-CN/margin_trading/risk-data-stream/Event-Margin-Call.html
[2026年 02月 07日 星期六 10:52:03 CST] SKIPPED (up-to-date): /data/downloads/wallet/binance-margin_trading-api-docs/html/docs/zh-CN/margin_trading/risk-data-stream/Connect.html
[2026年 02月 07日 星期六 10:52:03 CST] SKIPPED (up-to-date): /data/downloads/wallet/binance-margin_trading-api-docs/html/docs/zh-CN/margin_trading/risk-data-stream/Start-User-Data-Stream.html
[2026年 02月 07日 星期六 10:52:03 CST] SKIPPED (up-to-date): /data/downloads/wallet/binance-margin_trading-api-docs/html/docs/zh-CN/margin_trading/risk-data-stream/Keepalive-User-Data-Stream.html
[2026年 02月 07日 星期六 10:52:03 CST] SKIPPED (up-to-date): /data/downloads/wallet/binance-margin_trading-api-docs/html/docs/zh-CN/margin_trading/risk-data-stream/Close-User-Data-Stream.html
[2026年 02月 07日 星期六 10:52:03 CST] SKIPPED (up-to-date): /data/downloads/wallet/binance-margin_trading-api-docs/html/docs/zh-CN/margin_trading/trade.html
[2026年 02月 07日 星期六 10:52:03 CST] SKIPPED (up-to-date): /data/downloads/wallet/binance-margin_trading-api-docs/html/docs/zh-CN/margin_trading/risk-data-stream.html
[2026年 02月 07日 星期六 10:52:03 CST] SKIPPED (up-to-date): /data/downloads/wallet/binance-margin_trading-api-docs/html/docs/zh-CN/margin_trading/common-definition.html
[2026年 02月 07日 星期六 10:52:03 CST] SKIPPED (up-to-date): /data/downloads/wallet/binance-margin_trading-api-docs/html/docs/zh-CN/margin_trading/market-data/Query-Isolated-Margin-Tier-Data.html
[2026年 02月 07日 星期六 10:52:03 CST] SKIPPED (up-to-date): /data/downloads/wallet/binance-margin_trading-api-docs/html/docs/zh-CN/margin_trading/market-data/Get-All-Margin-Assets.html
[2026年 02月 07日 星期六 10:52:03 CST] SKIPPED (up-to-date): /data/downloads/wallet/binance-margin_trading-api-docs/html/docs/zh-CN/margin_trading/market-data/Get-Delist-Schedule.html
[2026年 02月 07日 星期六 10:52:03 CST] SKIPPED (up-to-date): /data/downloads/wallet/binance-margin_trading-api-docs/html/docs/zh-CN/margin_trading/market-data/Get-Margin-Asset-Risk-Based-Liquidation-Ratio.html
[2026年 02月 07日 星期六 10:52:03 CST] SKIPPED (up-to-date): /data/downloads/wallet/binance-margin_trading-api-docs/html/docs/zh-CN/margin_trading/market-data/Query-margin-avaliable-inventory.html
[2026年 02月 07日 星期六 10:52:03 CST] SKIPPED (up-to-date): /data/downloads/wallet/binance-margin_trading-api-docs/html/docs/zh-CN/margin_trading/market-data/Get-All-Isolated-Margin-Symbol.html
[2026年 02月 07日 星期六 10:52:03 CST] SKIPPED (up-to-date): /data/downloads/wallet/binance-margin_trading-api-docs/html/docs/zh-CN/margin_trading/market-data/Get-List-Schedule.html
[2026年 02月 07日 星期六 10:52:03 CST] SKIPPED (up-to-date): /data/downloads/wallet/binance-margin_trading-api-docs/html/docs/zh-CN/margin_trading/market-data/Get-Limit-Price-Pairs.html
[2026年 02月 07日 星期六 10:52:03 CST] SKIPPED (up-to-date): /data/downloads/wallet/binance-margin_trading-api-docs/html/docs/zh-CN/margin_trading/market-data/Cross-margin-collateral-ratio.html
[2026年 02月 07日 星期六 10:52:03 CST] SKIPPED (up-to-date): /data/downloads/wallet/binance-margin_trading-api-docs/html/docs/zh-CN/margin_trading/market-data/Query-Liability-Coin-Leverage-Bracket-in-Cross-Margin-Pro-Mode.html
[2026年 02月 07日 星期六 10:52:03 CST] SKIPPED (up-to-date): /data/downloads/wallet/binance-margin_trading-api-docs/html/docs/zh-CN/margin_trading/market-data/Query-Margin-PriceIndex.html
[2026年 02月 07日 星期六 10:52:03 CST] SKIPPED (up-to-date): /data/downloads/wallet/binance-margin_trading-api-docs/html/docs/zh-CN/margin_trading/market-data/Get-All-Cross-Margin-Pairs.html
[2026年 02月 07日 星期六 10:52:03 CST] SKIPPED (up-to-date): /data/downloads/wallet/binance-margin_trading-api-docs/html/docs/zh-CN/margin_trading/error-code.html
[2026年 02月 07日 星期六 10:52:03 CST] SKIPPED (up-to-date): /data/downloads/wallet/binance-margin_trading-api-docs/html/docs/zh-CN/margin_trading/change-log.html
[2026年 02月 07日 星期六 10:52:03 CST] SKIPPED (up-to-date): /data/downloads/wallet/binance-margin_trading-api-docs/html/docs/zh-CN/margin_trading/best-practice.html
[2026年 02月 07日 星期六 10:52:03 CST] SKIPPED (up-to-date): /data/downloads/wallet/binance-margin_trading-api-docs/html/docs/zh-CN/margin_trading/general-info.html
[2026年 02月 07日 星期六 10:52:03 CST] SKIPPED (up-to-date): /data/downloads/wallet/binance-margin_trading-api-docs/html/docs/zh-CN/margin_trading/Introduction.html
[2026年 02月 07日 星期六 10:52:03 CST] SKIPPED (up-to-date): /data/downloads/wallet/binance-margin_trading-api-docs/html/docs/zh-CN/margin_trading/transfer.html
[2026年 02月 07日 星期六 10:52:03 CST] SKIPPED (up-to-date): /data/downloads/wallet/binance-margin_trading-api-docs/html/docs/zh-CN/margin_trading/account.html
=== 转换日志 - 2026年 02月 07日 星期六 10:52:06 CST ===
[2026年 02月 07日 星期六 10:52:06 CST] SKIPPED (up-to-date): /data/downloads/wallet/binance-margin_trading-api-docs/html/docs/zh-CN/wallet/asset/dust-transfer.html
[2026年 02月 07日 星期六 10:52:06 CST] SKIPPED (up-to-date): /data/downloads/wallet/binance-margin_trading-api-docs/html/docs/zh-CN/wallet/asset/dust-convertible-assets.html
[2026年 02月 07日 星期六 10:52:06 CST] SKIPPED (up-to-date): /data/downloads/wallet/binance-margin_trading-api-docs/html/docs/zh-CN/wallet/asset/user-universal-transfer.html
[2026年 02月 07日 星期六 10:52:06 CST] SKIPPED (up-to-date): /data/downloads/wallet/binance-margin_trading-api-docs/html/docs/zh-CN/wallet/asset/query-user-wallet-balance.html
[2026年 02月 07日 星期六 10:52:06 CST] SKIPPED (up-to-date): /data/downloads/wallet/binance-margin_trading-api-docs/html/docs/zh-CN/wallet/asset/query-user-universal-transfer.html
[2026年 02月 07日 星期六 10:52:06 CST] SKIPPED (up-to-date): /data/downloads/wallet/binance-margin_trading-api-docs/html/docs/zh-CN/wallet/asset/trade-fee.html
[2026年 02月 07日 星期六 10:52:06 CST] SKIPPED (up-to-date): /data/downloads/wallet/binance-margin_trading-api-docs/html/docs/zh-CN/wallet/asset/spot-delist-schedule.html
[2026年 02月 07日 星期六 10:52:06 CST] SKIPPED (up-to-date): /data/downloads/wallet/binance-margin_trading-api-docs/html/docs/zh-CN/wallet/asset/Toggle-BNB-Burn-On-Spot-Trade-And-Margin-Interest.html
[2026年 02月 07日 星期六 10:52:06 CST] SKIPPED (up-to-date): /data/downloads/wallet/binance-margin_trading-api-docs/html/docs/zh-CN/wallet/asset/dust-log.html
[2026年 02月 07日 星期六 10:52:06 CST] SKIPPED (up-to-date): /data/downloads/wallet/binance-margin_trading-api-docs/html/docs/zh-CN/wallet/asset/cloud-mining-payment-and-refund-history.html
[2026年 02月 07日 星期六 10:52:06 CST] SKIPPED (up-to-date): /data/downloads/wallet/binance-margin_trading-api-docs/html/docs/zh-CN/wallet/asset/user-assets.html
[2026年 02月 07日 星期六 10:52:06 CST] SKIPPED (up-to-date): /data/downloads/wallet/binance-margin_trading-api-docs/html/docs/zh-CN/wallet/asset/assets-can-convert-bnb.html
[2026年 02月 07日 星期六 10:52:06 CST] SKIPPED (up-to-date): /data/downloads/wallet/binance-margin_trading-api-docs/html/docs/zh-CN/wallet/asset/assets-divided-record.html
[2026年 02月 07日 星期六 10:52:06 CST] SKIPPED (up-to-date): /data/downloads/wallet/binance-margin_trading-api-docs/html/docs/zh-CN/wallet/asset/query-user-delegation.html
[2026年 02月 07日 星期六 10:52:06 CST] SKIPPED (up-to-date): /data/downloads/wallet/binance-margin_trading-api-docs/html/docs/zh-CN/wallet/asset/dust-convert.html
[2026年 02月 07日 星期六 10:52:06 CST] SKIPPED (up-to-date): /data/downloads/wallet/binance-margin_trading-api-docs/html/docs/zh-CN/wallet/asset/asset-detail.html
[2026年 02月 07日 星期六 10:52:06 CST] SKIPPED (up-to-date): /data/downloads/wallet/binance-margin_trading-api-docs/html/docs/zh-CN/wallet/asset/funding-wallet.html
[2026年 02月 07日 星期六 10:52:06 CST] SKIPPED (up-to-date): /data/downloads/wallet/binance-margin_trading-api-docs/html/docs/zh-CN/wallet/asset/open-symbol-list.html
[2026年 02月 07日 星期六 10:52:06 CST] SKIPPED (up-to-date): /data/downloads/wallet/binance-margin_trading-api-docs/html/docs/zh-CN/wallet/asset.html
[2026年 02月 07日 星期六 10:52:06 CST] SKIPPED (up-to-date): /data/downloads/wallet/binance-margin_trading-api-docs/html/docs/zh-CN/wallet/quick-start.html
[2026年 02月 07日 星期六 10:52:06 CST] SKIPPED (up-to-date): /data/downloads/wallet/binance-margin_trading-api-docs/html/docs/zh-CN/wallet/account/daily-account-snapshoot.html
[2026年 02月 07日 星期六 10:52:06 CST] SKIPPED (up-to-date): /data/downloads/wallet/binance-margin_trading-api-docs/html/docs/zh-CN/wallet/account/account-info.html
[2026年 02月 07日 星期六 10:52:06 CST] SKIPPED (up-to-date): /data/downloads/wallet/binance-margin_trading-api-docs/html/docs/zh-CN/wallet/account/account-status.html
[2026年 02月 07日 星期六 10:52:06 CST] SKIPPED (up-to-date): /data/downloads/wallet/binance-margin_trading-api-docs/html/docs/zh-CN/wallet/account/disable-fast-withdraw-switch.html
[2026年 02月 07日 星期六 10:52:06 CST] SKIPPED (up-to-date): /data/downloads/wallet/binance-margin_trading-api-docs/html/docs/zh-CN/wallet/account/enable-fast-withdraw-switch.html
[2026年 02月 07日 星期六 10:52:06 CST] SKIPPED (up-to-date): /data/downloads/wallet/binance-margin_trading-api-docs/html/docs/zh-CN/wallet/account/account-api-trading-status.html
[2026年 02月 07日 星期六 10:52:06 CST] SKIPPED (up-to-date): /data/downloads/wallet/binance-margin_trading-api-docs/html/docs/zh-CN/wallet/account/api-key-permission.html
[2026年 02月 07日 星期六 10:52:06 CST] SKIPPED (up-to-date): /data/downloads/wallet/binance-margin_trading-api-docs/html/docs/zh-CN/wallet/capital.html
[2026年 02月 07日 星期六 10:52:06 CST] SKIPPED (up-to-date): /data/downloads/wallet/binance-margin_trading-api-docs/html/docs/zh-CN/wallet/others.html
[2026年 02月 07日 星期六 10:52:06 CST] SKIPPED (up-to-date): /data/downloads/wallet/binance-margin_trading-api-docs/html/docs/zh-CN/wallet/travel-rule/questionnaire-requirements.html
[2026年 02月 07日 星期六 10:52:06 CST] SKIPPED (up-to-date): /data/downloads/wallet/binance-margin_trading-api-docs/html/docs/zh-CN/wallet/travel-rule/withdraw-questionnaire.html
[2026年 02月 07日 星期六 10:52:06 CST] SKIPPED (up-to-date): /data/downloads/wallet/binance-margin_trading-api-docs/html/docs/zh-CN/wallet/travel-rule/deposit-history-v2.html
[2026年 02月 07日 星期六 10:52:06 CST] SKIPPED (up-to-date): /data/downloads/wallet/binance-margin_trading-api-docs/html/docs/zh-CN/wallet/travel-rule/appendix.html
[2026年 02月 07日 星期六 10:52:06 CST] SKIPPED (up-to-date): /data/downloads/wallet/binance-margin_trading-api-docs/html/docs/zh-CN/wallet/travel-rule/broker-withdraw.html
[2026年 02月 07日 星期六 10:52:06 CST] SKIPPED (up-to-date): /data/downloads/wallet/binance-margin_trading-api-docs/html/docs/zh-CN/wallet/travel-rule/withdraw.html
[2026年 02月 07日 星期六 10:52:06 CST] SKIPPED (up-to-date): /data/downloads/wallet/binance-margin_trading-api-docs/html/docs/zh-CN/wallet/travel-rule/deposit-questionnaire.html
[2026年 02月 07日 星期六 10:52:06 CST] SKIPPED (up-to-date): /data/downloads/wallet/binance-margin_trading-api-docs/html/docs/zh-CN/wallet/travel-rule/address-verification-list.html
[2026年 02月 07日 星期六 10:52:06 CST] SKIPPED (up-to-date): /data/downloads/wallet/binance-margin_trading-api-docs/html/docs/zh-CN/wallet/travel-rule/withdraw-history.html
[2026年 02月 07日 星期六 10:52:06 CST] SKIPPED (up-to-date): /data/downloads/wallet/binance-margin_trading-api-docs/html/docs/zh-CN/wallet/travel-rule/broker-deposit-provide-info.html
[2026年 02月 07日 星期六 10:52:06 CST] SKIPPED (up-to-date): /data/downloads/wallet/binance-margin_trading-api-docs/html/docs/zh-CN/wallet/travel-rule/deposit-provide-info-v2.html
[2026年 02月 07日 星期六 10:52:06 CST] SKIPPED (up-to-date): /data/downloads/wallet/binance-margin_trading-api-docs/html/docs/zh-CN/wallet/travel-rule/onboarded-vasp-list.html
[2026年 02月 07日 星期六 10:52:06 CST] SKIPPED (up-to-date): /data/downloads/wallet/binance-margin_trading-api-docs/html/docs/zh-CN/wallet/travel-rule/deposit-history.html
[2026年 02月 07日 星期六 10:52:06 CST] SKIPPED (up-to-date): /data/downloads/wallet/binance-margin_trading-api-docs/html/docs/zh-CN/wallet/travel-rule/withdraw-history-v2.html
[2026年 02月 07日 星期六 10:52:06 CST] SKIPPED (up-to-date): /data/downloads/wallet/binance-margin_trading-api-docs/html/docs/zh-CN/wallet/travel-rule/deposit-provide-info.html
[2026年 02月 07日 星期六 10:52:06 CST] SKIPPED (up-to-date): /data/downloads/wallet/binance-margin_trading-api-docs/html/docs/zh-CN/wallet/travel-rule.html
[2026年 02月 07日 星期六 10:52:06 CST] SKIPPED (up-to-date): /data/downloads/wallet/binance-margin_trading-api-docs/html/docs/zh-CN/wallet/error-code.html
[2026年 02月 07日 星期六 10:52:06 CST] SKIPPED (up-to-date): /data/downloads/wallet/binance-margin_trading-api-docs/html/docs/zh-CN/wallet/change-log.html
[2026年 02月 07日 星期六 10:52:06 CST] SKIPPED (up-to-date): /data/downloads/wallet/binance-margin_trading-api-docs/html/docs/zh-CN/wallet/contact-us.html
[2026年 02月 07日 星期六 10:52:06 CST] SKIPPED (up-to-date): /data/downloads/wallet/binance-margin_trading-api-docs/html/docs/zh-CN/wallet/general-info.html
[2026年 02月 07日 星期六 10:52:06 CST] SKIPPED (up-to-date): /data/downloads/wallet/binance-margin_trading-api-docs/html/docs/zh-CN/wallet/Introduction.html
[2026年 02月 07日 星期六 10:52:06 CST] SKIPPED (up-to-date): /data/downloads/wallet/binance-margin_trading-api-docs/html/docs/zh-CN/wallet/capital/deposite-address.html
[2026年 02月 07日 星期六 10:52:06 CST] SKIPPED (up-to-date): /data/downloads/wallet/binance-margin_trading-api-docs/html/docs/zh-CN/wallet/capital/fetch-withdraw-quota.html
[2026年 02月 07日 星期六 10:52:06 CST] SKIPPED (up-to-date): /data/downloads/wallet/binance-margin_trading-api-docs/html/docs/zh-CN/wallet/capital/fetch-deposit-address-list-with-network.html
[2026年 02月 07日 星期六 10:52:06 CST] SKIPPED (up-to-date): /data/downloads/wallet/binance-margin_trading-api-docs/html/docs/zh-CN/wallet/capital/withdraw.html
[2026年 02月 07日 星期六 10:52:06 CST] SKIPPED (up-to-date): /data/downloads/wallet/binance-margin_trading-api-docs/html/docs/zh-CN/wallet/capital/fetch-withdraw-address.html
[2026年 02月 07日 星期六 10:52:06 CST] SKIPPED (up-to-date): /data/downloads/wallet/binance-margin_trading-api-docs/html/docs/zh-CN/wallet/capital/withdraw-history.html
[2026年 02月 07日 星期六 10:52:06 CST] SKIPPED (up-to-date): /data/downloads/wallet/binance-margin_trading-api-docs/html/docs/zh-CN/wallet/capital/one-click-arrival-deposite-apply.html
[2026年 02月 07日 星期六 10:52:06 CST] SKIPPED (up-to-date): /data/downloads/wallet/binance-margin_trading-api-docs/html/docs/zh-CN/wallet/capital/all-coins-info.html
[2026年 02月 07日 星期六 10:52:06 CST] SKIPPED (up-to-date): /data/downloads/wallet/binance-margin_trading-api-docs/html/docs/zh-CN/wallet/capital/deposite-history.html
[2026年 02月 07日 星期六 10:52:06 CST] SKIPPED (up-to-date): /data/downloads/wallet/binance-margin_trading-api-docs/html/docs/zh-CN/wallet/account.html
[2026年 02月 07日 星期六 10:52:06 CST] SKIPPED (up-to-date): /data/downloads/wallet/binance-margin_trading-api-docs/html/docs/zh-CN/wallet/others/delist-schedule.html
[2026年 02月 07日 星期六 10:52:06 CST] SKIPPED (up-to-date): /data/downloads/wallet/binance-margin_trading-api-docs/html/docs/zh-CN/wallet/others/system-status.html
[2026年 02月 07日 星期六 10:52:06 CST] SKIPPED (up-to-date): /data/downloads/wallet/binance-margin_trading-api-docs/html/docs/zh-CN/margin_trading/market-data.html
[2026年 02月 07日 星期六 10:52:06 CST] SKIPPED (up-to-date): /data/downloads/wallet/binance-margin_trading-api-docs/html/docs/zh-CN/margin_trading/account/Disable-Isolated-Margin-Account.html
[2026年 02月 07日 星期六 10:52:06 CST] SKIPPED (up-to-date): /data/downloads/wallet/binance-margin_trading-api-docs/html/docs/zh-CN/margin_trading/account/Query-Cross-Isolated-Margin-Capital-Flow.html
[2026年 02月 07日 星期六 10:52:06 CST] SKIPPED (up-to-date): /data/downloads/wallet/binance-margin_trading-api-docs/html/docs/zh-CN/margin_trading/account/Query-Enabled-Isolated-Margin-Account-Limit.html
[2026年 02月 07日 星期六 10:52:06 CST] SKIPPED (up-to-date): /data/downloads/wallet/binance-margin_trading-api-docs/html/docs/zh-CN/margin_trading/account/Get-Summary-Of-Margin-Account.html
[2026年 02月 07日 星期六 10:52:06 CST] SKIPPED (up-to-date): /data/downloads/wallet/binance-margin_trading-api-docs/html/docs/zh-CN/margin_trading/account/Query-Isolated-Margin-Fee-Data.html
[2026年 02月 07日 星期六 10:52:06 CST] SKIPPED (up-to-date): /data/downloads/wallet/binance-margin_trading-api-docs/html/docs/zh-CN/margin_trading/account/Query-Cross-Margin-Fee-Data.html
[2026年 02月 07日 星期六 10:52:06 CST] SKIPPED (up-to-date): /data/downloads/wallet/binance-margin_trading-api-docs/html/docs/zh-CN/margin_trading/account/Adjust-Cross-Margin-Max-Leverage.html
[2026年 02月 07日 星期六 10:52:06 CST] SKIPPED (up-to-date): /data/downloads/wallet/binance-margin_trading-api-docs/html/docs/zh-CN/margin_trading/account/Get-BNB-Burn-Status.html
[2026年 02月 07日 星期六 10:52:06 CST] SKIPPED (up-to-date): /data/downloads/wallet/binance-margin_trading-api-docs/html/docs/zh-CN/margin_trading/account/Enable-Isolated-Margin-Account.html
[2026年 02月 07日 星期六 10:52:06 CST] SKIPPED (up-to-date): /data/downloads/wallet/binance-margin_trading-api-docs/html/docs/zh-CN/margin_trading/account/Query-Cross-Margin-Account-Details.html
[2026年 02月 07日 星期六 10:52:06 CST] SKIPPED (up-to-date): /data/downloads/wallet/binance-margin_trading-api-docs/html/docs/zh-CN/margin_trading/account/Query-Isolated-Margin-Account-Info.html
[2026年 02月 07日 星期六 10:52:06 CST] SKIPPED (up-to-date): /data/downloads/wallet/binance-margin_trading-api-docs/html/docs/zh-CN/margin_trading/borrow-and-repay/Margin-Account-Borrow-Repay.html
[2026年 02月 07日 星期六 10:52:06 CST] SKIPPED (up-to-date): /data/downloads/wallet/binance-margin_trading-api-docs/html/docs/zh-CN/margin_trading/borrow-and-repay/Query-Max-Borrow.html
[2026年 02月 07日 星期六 10:52:06 CST] SKIPPED (up-to-date): /data/downloads/wallet/binance-margin_trading-api-docs/html/docs/zh-CN/margin_trading/borrow-and-repay/Get-a-future-hourly-interest-rate.html
[2026年 02月 07日 星期六 10:52:06 CST] SKIPPED (up-to-date): /data/downloads/wallet/binance-margin_trading-api-docs/html/docs/zh-CN/margin_trading/borrow-and-repay/Get-Interest-History.html
[2026年 02月 07日 星期六 10:52:06 CST] SKIPPED (up-to-date): /data/downloads/wallet/binance-margin_trading-api-docs/html/docs/zh-CN/margin_trading/borrow-and-repay/Query-Borrow-Repay.html
[2026年 02月 07日 星期六 10:52:06 CST] SKIPPED (up-to-date): /data/downloads/wallet/binance-margin_trading-api-docs/html/docs/zh-CN/margin_trading/borrow-and-repay/Query-Margin-Interest-Rate-History.html
[2026年 02月 07日 星期六 10:52:06 CST] SKIPPED (up-to-date): /data/downloads/wallet/binance-margin_trading-api-docs/html/docs/zh-CN/margin_trading/transfer/Get-Cross-Margin-Transfer-History.html
[2026年 02月 07日 星期六 10:52:06 CST] SKIPPED (up-to-date): /data/downloads/wallet/binance-margin_trading-api-docs/html/docs/zh-CN/margin_trading/transfer/Query-Max-Transfer-Out-Amount.html
[2026年 02月 07日 星期六 10:52:06 CST] SKIPPED (up-to-date): /data/downloads/wallet/binance-margin_trading-api-docs/html/docs/zh-CN/margin_trading/borrow-and-repay.html
[2026年 02月 07日 星期六 10:52:06 CST] SKIPPED (up-to-date): /data/downloads/wallet/binance-margin_trading-api-docs/html/docs/zh-CN/margin_trading/trade-data-stream/Event-Balance-Update.html
[2026年 02月 07日 星期六 10:52:06 CST] SKIPPED (up-to-date): /data/downloads/wallet/binance-margin_trading-api-docs/html/docs/zh-CN/margin_trading/trade-data-stream/Listen-Token-Websocket-API.html
[2026年 02月 07日 星期六 10:52:06 CST] SKIPPED (up-to-date): /data/downloads/wallet/binance-margin_trading-api-docs/html/docs/zh-CN/margin_trading/trade-data-stream/Event-Account-Update.html
[2026年 02月 07日 星期六 10:52:06 CST] SKIPPED (up-to-date): /data/downloads/wallet/binance-margin_trading-api-docs/html/docs/zh-CN/margin_trading/trade-data-stream/Event-Order-Update.html
[2026年 02月 07日 星期六 10:52:06 CST] SKIPPED (up-to-date): /data/downloads/wallet/binance-margin_trading-api-docs/html/docs/zh-CN/margin_trading/trade-data-stream.html
[2026年 02月 07日 星期六 10:52:06 CST] SKIPPED (up-to-date): /data/downloads/wallet/binance-margin_trading-api-docs/html/docs/zh-CN/margin_trading/trade/Get-Small-Liability-Exchange-History.html
[2026年 02月 07日 星期六 10:52:06 CST] SKIPPED (up-to-date): /data/downloads/wallet/binance-margin_trading-api-docs/html/docs/zh-CN/margin_trading/trade/Margin-Account-New-OTOCO.html
[2026年 02月 07日 星期六 10:52:06 CST] SKIPPED (up-to-date): /data/downloads/wallet/binance-margin_trading-api-docs/html/docs/zh-CN/margin_trading/trade/Query-Special-Key-List-of-Low-Latency-Trading.html
[2026年 02月 07日 星期六 10:52:06 CST] SKIPPED (up-to-date): /data/downloads/wallet/binance-margin_trading-api-docs/html/docs/zh-CN/margin_trading/trade/Margin-Account-Cancel-Order.html
[2026年 02月 07日 星期六 10:52:06 CST] SKIPPED (up-to-date): /data/downloads/wallet/binance-margin_trading-api-docs/html/docs/zh-CN/margin_trading/trade/Margin-Account-New-OTO.html
[2026年 02月 07日 星期六 10:52:06 CST] SKIPPED (up-to-date): /data/downloads/wallet/binance-margin_trading-api-docs/html/docs/zh-CN/margin_trading/trade/Query-Margin-Account-All-Orders.html
[2026年 02月 07日 星期六 10:52:06 CST] SKIPPED (up-to-date): /data/downloads/wallet/binance-margin_trading-api-docs/html/docs/zh-CN/margin_trading/trade/Delete-Special-Key-of-Low-Latency-Trading.html
[2026年 02月 07日 星期六 10:52:06 CST] SKIPPED (up-to-date): /data/downloads/wallet/binance-margin_trading-api-docs/html/docs/zh-CN/margin_trading/trade/Query-Margin-Account-All-OCO.html
[2026年 02月 07日 星期六 10:52:06 CST] SKIPPED (up-to-date): /data/downloads/wallet/binance-margin_trading-api-docs/html/docs/zh-CN/margin_trading/trade/Query-Margin-Account-Order.html
[2026年 02月 07日 星期六 10:52:06 CST] SKIPPED (up-to-date): /data/downloads/wallet/binance-margin_trading-api-docs/html/docs/zh-CN/margin_trading/trade/Query-Margin-Account-Open-OCO.html
[2026年 02月 07日 星期六 10:52:06 CST] SKIPPED (up-to-date): /data/downloads/wallet/binance-margin_trading-api-docs/html/docs/zh-CN/margin_trading/trade/Small-Liability-Exchange.html
[2026年 02月 07日 星期六 10:52:06 CST] SKIPPED (up-to-date): /data/downloads/wallet/binance-margin_trading-api-docs/html/docs/zh-CN/margin_trading/trade/Edit-ip-for-Special-Key-of-Low-Latency-Trading.html
[2026年 02月 07日 星期六 10:52:06 CST] SKIPPED (up-to-date): /data/downloads/wallet/binance-margin_trading-api-docs/html/docs/zh-CN/margin_trading/trade/Create-Special-Key-of-Low-Latency-Trading.html
[2026年 02月 07日 星期六 10:52:07 CST] SKIPPED (up-to-date): /data/downloads/wallet/binance-margin_trading-api-docs/html/docs/zh-CN/margin_trading/trade/Margin-Account-Cancel-All-Open-Orders.html
[2026年 02月 07日 星期六 10:52:07 CST] SKIPPED (up-to-date): /data/downloads/wallet/binance-margin_trading-api-docs/html/docs/zh-CN/margin_trading/trade/Query-Margin-Account-Open-Orders.html
[2026年 02月 07日 星期六 10:52:07 CST] SKIPPED (up-to-date): /data/downloads/wallet/binance-margin_trading-api-docs/html/docs/zh-CN/margin_trading/trade/Get-Small-Liability-Exchange-Coin-List.html
[2026年 02月 07日 星期六 10:52:07 CST] SKIPPED (up-to-date): /data/downloads/wallet/binance-margin_trading-api-docs/html/docs/zh-CN/margin_trading/trade/Margin-Account-New-Order.html
[2026年 02月 07日 星期六 10:52:07 CST] SKIPPED (up-to-date): /data/downloads/wallet/binance-margin_trading-api-docs/html/docs/zh-CN/margin_trading/trade/Query-Special-Key-of-Low-Latency-Trading.html
[2026年 02月 07日 星期六 10:52:07 CST] SKIPPED (up-to-date): /data/downloads/wallet/binance-margin_trading-api-docs/html/docs/zh-CN/margin_trading/trade/Margin-Manual-Liquidation.html
[2026年 02月 07日 星期六 10:52:07 CST] SKIPPED (up-to-date): /data/downloads/wallet/binance-margin_trading-api-docs/html/docs/zh-CN/margin_trading/trade/Margin-Account-New-OCO.html
[2026年 02月 07日 星期六 10:52:07 CST] SKIPPED (up-to-date): /data/downloads/wallet/binance-margin_trading-api-docs/html/docs/zh-CN/margin_trading/trade/Query-Current-Margin-Order-Count-Usage.html
[2026年 02月 07日 星期六 10:52:07 CST] SKIPPED (up-to-date): /data/downloads/wallet/binance-margin_trading-api-docs/html/docs/zh-CN/margin_trading/trade/Query-Margin-Account-Trade-List.html
[2026年 02月 07日 星期六 10:52:07 CST] SKIPPED (up-to-date): /data/downloads/wallet/binance-margin_trading-api-docs/html/docs/zh-CN/margin_trading/trade/Margin-Account-Cancel-OCO.html
[2026年 02月 07日 星期六 10:52:07 CST] SKIPPED (up-to-date): /data/downloads/wallet/binance-margin_trading-api-docs/html/docs/zh-CN/margin_trading/trade/Query-Margin-Account-OCO.html
[2026年 02月 07日 星期六 10:52:07 CST] SKIPPED (up-to-date): /data/downloads/wallet/binance-margin_trading-api-docs/html/docs/zh-CN/margin_trading/trade/Get-Force-Liquidation-Record.html
[2026年 02月 07日 星期六 10:52:07 CST] SKIPPED (up-to-date): /data/downloads/wallet/binance-margin_trading-api-docs/html/docs/zh-CN/margin_trading/risk-data-stream/Event-Liability-Update.html
[2026年 02月 07日 星期六 10:52:07 CST] SKIPPED (up-to-date): /data/downloads/wallet/binance-margin_trading-api-docs/html/docs/zh-CN/margin_trading/risk-data-stream/Event-Margin-Call.html
[2026年 02月 07日 星期六 10:52:07 CST] SKIPPED (up-to-date): /data/downloads/wallet/binance-margin_trading-api-docs/html/docs/zh-CN/margin_trading/risk-data-stream/Connect.html
[2026年 02月 07日 星期六 10:52:07 CST] SKIPPED (up-to-date): /data/downloads/wallet/binance-margin_trading-api-docs/html/docs/zh-CN/margin_trading/risk-data-stream/Start-User-Data-Stream.html
[2026年 02月 07日 星期六 10:52:07 CST] SKIPPED (up-to-date): /data/downloads/wallet/binance-margin_trading-api-docs/html/docs/zh-CN/margin_trading/risk-data-stream/Keepalive-User-Data-Stream.html
[2026年 02月 07日 星期六 10:52:07 CST] SKIPPED (up-to-date): /data/downloads/wallet/binance-margin_trading-api-docs/html/docs/zh-CN/margin_trading/risk-data-stream/Close-User-Data-Stream.html
[2026年 02月 07日 星期六 10:52:07 CST] SKIPPED (up-to-date): /data/downloads/wallet/binance-margin_trading-api-docs/html/docs/zh-CN/margin_trading/trade.html
[2026年 02月 07日 星期六 10:52:07 CST] SKIPPED (up-to-date): /data/downloads/wallet/binance-margin_trading-api-docs/html/docs/zh-CN/margin_trading/risk-data-stream.html
[2026年 02月 07日 星期六 10:52:07 CST] SKIPPED (up-to-date): /data/downloads/wallet/binance-margin_trading-api-docs/html/docs/zh-CN/margin_trading/common-definition.html
[2026年 02月 07日 星期六 10:52:07 CST] SKIPPED (up-to-date): /data/downloads/wallet/binance-margin_trading-api-docs/html/docs/zh-CN/margin_trading/market-data/Query-Isolated-Margin-Tier-Data.html
[2026年 02月 07日 星期六 10:52:07 CST] SKIPPED (up-to-date): /data/downloads/wallet/binance-margin_trading-api-docs/html/docs/zh-CN/margin_trading/market-data/Get-All-Margin-Assets.html
[2026年 02月 07日 星期六 10:52:07 CST] SKIPPED (up-to-date): /data/downloads/wallet/binance-margin_trading-api-docs/html/docs/zh-CN/margin_trading/market-data/Get-Delist-Schedule.html
[2026年 02月 07日 星期六 10:52:07 CST] SKIPPED (up-to-date): /data/downloads/wallet/binance-margin_trading-api-docs/html/docs/zh-CN/margin_trading/market-data/Get-Margin-Asset-Risk-Based-Liquidation-Ratio.html
[2026年 02月 07日 星期六 10:52:07 CST] SKIPPED (up-to-date): /data/downloads/wallet/binance-margin_trading-api-docs/html/docs/zh-CN/margin_trading/market-data/Query-margin-avaliable-inventory.html
[2026年 02月 07日 星期六 10:52:07 CST] SKIPPED (up-to-date): /data/downloads/wallet/binance-margin_trading-api-docs/html/docs/zh-CN/margin_trading/market-data/Get-All-Isolated-Margin-Symbol.html
[2026年 02月 07日 星期六 10:52:07 CST] SKIPPED (up-to-date): /data/downloads/wallet/binance-margin_trading-api-docs/html/docs/zh-CN/margin_trading/market-data/Get-List-Schedule.html
[2026年 02月 07日 星期六 10:52:07 CST] SKIPPED (up-to-date): /data/downloads/wallet/binance-margin_trading-api-docs/html/docs/zh-CN/margin_trading/market-data/Get-Limit-Price-Pairs.html
[2026年 02月 07日 星期六 10:52:07 CST] SKIPPED (up-to-date): /data/downloads/wallet/binance-margin_trading-api-docs/html/docs/zh-CN/margin_trading/market-data/Cross-margin-collateral-ratio.html
[2026年 02月 07日 星期六 10:52:07 CST] SKIPPED (up-to-date): /data/downloads/wallet/binance-margin_trading-api-docs/html/docs/zh-CN/margin_trading/market-data/Query-Liability-Coin-Leverage-Bracket-in-Cross-Margin-Pro-Mode.html
[2026年 02月 07日 星期六 10:52:07 CST] SKIPPED (up-to-date): /data/downloads/wallet/binance-margin_trading-api-docs/html/docs/zh-CN/margin_trading/market-data/Query-Margin-PriceIndex.html
[2026年 02月 07日 星期六 10:52:07 CST] SKIPPED (up-to-date): /data/downloads/wallet/binance-margin_trading-api-docs/html/docs/zh-CN/margin_trading/market-data/Get-All-Cross-Margin-Pairs.html
[2026年 02月 07日 星期六 10:52:07 CST] SKIPPED (up-to-date): /data/downloads/wallet/binance-margin_trading-api-docs/html/docs/zh-CN/margin_trading/error-code.html
[2026年 02月 07日 星期六 10:52:07 CST] SKIPPED (up-to-date): /data/downloads/wallet/binance-margin_trading-api-docs/html/docs/zh-CN/margin_trading/change-log.html
[2026年 02月 07日 星期六 10:52:07 CST] SKIPPED (up-to-date): /data/downloads/wallet/binance-margin_trading-api-docs/html/docs/zh-CN/margin_trading/best-practice.html
[2026年 02月 07日 星期六 10:52:07 CST] SKIPPED (up-to-date): /data/downloads/wallet/binance-margin_trading-api-docs/html/docs/zh-CN/margin_trading/general-info.html
[2026年 02月 07日 星期六 10:52:07 CST] SKIPPED (up-to-date): /data/downloads/wallet/binance-margin_trading-api-docs/html/docs/zh-CN/margin_trading/Introduction.html
[2026年 02月 07日 星期六 10:52:07 CST] SKIPPED (up-to-date): /data/downloads/wallet/binance-margin_trading-api-docs/html/docs/zh-CN/margin_trading/transfer.html
[2026年 02月 07日 星期六 10:52:07 CST] SKIPPED (up-to-date): /data/downloads/wallet/binance-margin_trading-api-docs/html/docs/zh-CN/margin_trading/account.html
=== 转换日志 - 2026年 02月 07日 星期六 10:52:09 CST ===
[2026年 02月 07日 星期六 10:52:10 CST] SKIPPED (up-to-date): /data/downloads/wallet/binance-margin_trading-api-docs/html/docs/zh-CN/wallet/asset/dust-transfer.html
[2026年 02月 07日 星期六 10:52:10 CST] SKIPPED (up-to-date): /data/downloads/wallet/binance-margin_trading-api-docs/html/docs/zh-CN/wallet/asset/dust-convertible-assets.html
[2026年 02月 07日 星期六 10:52:10 CST] SKIPPED (up-to-date): /data/downloads/wallet/binance-margin_trading-api-docs/html/docs/zh-CN/wallet/asset/user-universal-transfer.html
[2026年 02月 07日 星期六 10:52:10 CST] SKIPPED (up-to-date): /data/downloads/wallet/binance-margin_trading-api-docs/html/docs/zh-CN/wallet/asset/query-user-wallet-balance.html
[2026年 02月 07日 星期六 10:52:10 CST] SKIPPED (up-to-date): /data/downloads/wallet/binance-margin_trading-api-docs/html/docs/zh-CN/wallet/asset/query-user-universal-transfer.html
[2026年 02月 07日 星期六 10:52:10 CST] SKIPPED (up-to-date): /data/downloads/wallet/binance-margin_trading-api-docs/html/docs/zh-CN/wallet/asset/trade-fee.html
[2026年 02月 07日 星期六 10:52:10 CST] SKIPPED (up-to-date): /data/downloads/wallet/binance-margin_trading-api-docs/html/docs/zh-CN/wallet/asset/spot-delist-schedule.html
[2026年 02月 07日 星期六 10:52:10 CST] SKIPPED (up-to-date): /data/downloads/wallet/binance-margin_trading-api-docs/html/docs/zh-CN/wallet/asset/Toggle-BNB-Burn-On-Spot-Trade-And-Margin-Interest.html
[2026年 02月 07日 星期六 10:52:10 CST] SKIPPED (up-to-date): /data/downloads/wallet/binance-margin_trading-api-docs/html/docs/zh-CN/wallet/asset/dust-log.html
[2026年 02月 07日 星期六 10:52:10 CST] SKIPPED (up-to-date): /data/downloads/wallet/binance-margin_trading-api-docs/html/docs/zh-CN/wallet/asset/cloud-mining-payment-and-refund-history.html
[2026年 02月 07日 星期六 10:52:10 CST] SKIPPED (up-to-date): /data/downloads/wallet/binance-margin_trading-api-docs/html/docs/zh-CN/wallet/asset/user-assets.html
[2026年 02月 07日 星期六 10:52:10 CST] SKIPPED (up-to-date): /data/downloads/wallet/binance-margin_trading-api-docs/html/docs/zh-CN/wallet/asset/assets-can-convert-bnb.html
[2026年 02月 07日 星期六 10:52:10 CST] SKIPPED (up-to-date): /data/downloads/wallet/binance-margin_trading-api-docs/html/docs/zh-CN/wallet/asset/assets-divided-record.html
[2026年 02月 07日 星期六 10:52:10 CST] SKIPPED (up-to-date): /data/downloads/wallet/binance-margin_trading-api-docs/html/docs/zh-CN/wallet/asset/query-user-delegation.html
[2026年 02月 07日 星期六 10:52:10 CST] SKIPPED (up-to-date): /data/downloads/wallet/binance-margin_trading-api-docs/html/docs/zh-CN/wallet/asset/dust-convert.html
[2026年 02月 07日 星期六 10:52:10 CST] SKIPPED (up-to-date): /data/downloads/wallet/binance-margin_trading-api-docs/html/docs/zh-CN/wallet/asset/asset-detail.html
[2026年 02月 07日 星期六 10:52:10 CST] SKIPPED (up-to-date): /data/downloads/wallet/binance-margin_trading-api-docs/html/docs/zh-CN/wallet/asset/funding-wallet.html
[2026年 02月 07日 星期六 10:52:10 CST] SKIPPED (up-to-date): /data/downloads/wallet/binance-margin_trading-api-docs/html/docs/zh-CN/wallet/asset/open-symbol-list.html
[2026年 02月 07日 星期六 10:52:10 CST] SKIPPED (up-to-date): /data/downloads/wallet/binance-margin_trading-api-docs/html/docs/zh-CN/wallet/asset.html
[2026年 02月 07日 星期六 10:52:10 CST] SKIPPED (up-to-date): /data/downloads/wallet/binance-margin_trading-api-docs/html/docs/zh-CN/wallet/quick-start.html
[2026年 02月 07日 星期六 10:52:10 CST] SKIPPED (up-to-date): /data/downloads/wallet/binance-margin_trading-api-docs/html/docs/zh-CN/wallet/account/daily-account-snapshoot.html
[2026年 02月 07日 星期六 10:52:10 CST] SKIPPED (up-to-date): /data/downloads/wallet/binance-margin_trading-api-docs/html/docs/zh-CN/wallet/account/account-info.html
[2026年 02月 07日 星期六 10:52:10 CST] SKIPPED (up-to-date): /data/downloads/wallet/binance-margin_trading-api-docs/html/docs/zh-CN/wallet/account/account-status.html
[2026年 02月 07日 星期六 10:52:10 CST] SKIPPED (up-to-date): /data/downloads/wallet/binance-margin_trading-api-docs/html/docs/zh-CN/wallet/account/disable-fast-withdraw-switch.html
[2026年 02月 07日 星期六 10:52:10 CST] SKIPPED (up-to-date): /data/downloads/wallet/binance-margin_trading-api-docs/html/docs/zh-CN/wallet/account/enable-fast-withdraw-switch.html
[2026年 02月 07日 星期六 10:52:10 CST] SKIPPED (up-to-date): /data/downloads/wallet/binance-margin_trading-api-docs/html/docs/zh-CN/wallet/account/account-api-trading-status.html
[2026年 02月 07日 星期六 10:52:10 CST] SKIPPED (up-to-date): /data/downloads/wallet/binance-margin_trading-api-docs/html/docs/zh-CN/wallet/account/api-key-permission.html
[2026年 02月 07日 星期六 10:52:10 CST] SKIPPED (up-to-date): /data/downloads/wallet/binance-margin_trading-api-docs/html/docs/zh-CN/wallet/capital.html
[2026年 02月 07日 星期六 10:52:10 CST] SKIPPED (up-to-date): /data/downloads/wallet/binance-margin_trading-api-docs/html/docs/zh-CN/wallet/others.html
[2026年 02月 07日 星期六 10:52:10 CST] SKIPPED (up-to-date): /data/downloads/wallet/binance-margin_trading-api-docs/html/docs/zh-CN/wallet/travel-rule/questionnaire-requirements.html
[2026年 02月 07日 星期六 10:52:10 CST] SKIPPED (up-to-date): /data/downloads/wallet/binance-margin_trading-api-docs/html/docs/zh-CN/wallet/travel-rule/withdraw-questionnaire.html
[2026年 02月 07日 星期六 10:52:10 CST] SKIPPED (up-to-date): /data/downloads/wallet/binance-margin_trading-api-docs/html/docs/zh-CN/wallet/travel-rule/deposit-history-v2.html
[2026年 02月 07日 星期六 10:52:10 CST] SKIPPED (up-to-date): /data/downloads/wallet/binance-margin_trading-api-docs/html/docs/zh-CN/wallet/travel-rule/appendix.html
[2026年 02月 07日 星期六 10:52:10 CST] SKIPPED (up-to-date): /data/downloads/wallet/binance-margin_trading-api-docs/html/docs/zh-CN/wallet/travel-rule/broker-withdraw.html
[2026年 02月 07日 星期六 10:52:10 CST] SKIPPED (up-to-date): /data/downloads/wallet/binance-margin_trading-api-docs/html/docs/zh-CN/wallet/travel-rule/withdraw.html
[2026年 02月 07日 星期六 10:52:10 CST] SKIPPED (up-to-date): /data/downloads/wallet/binance-margin_trading-api-docs/html/docs/zh-CN/wallet/travel-rule/deposit-questionnaire.html
[2026年 02月 07日 星期六 10:52:10 CST] SKIPPED (up-to-date): /data/downloads/wallet/binance-margin_trading-api-docs/html/docs/zh-CN/wallet/travel-rule/address-verification-list.html
[2026年 02月 07日 星期六 10:52:10 CST] SKIPPED (up-to-date): /data/downloads/wallet/binance-margin_trading-api-docs/html/docs/zh-CN/wallet/travel-rule/withdraw-history.html
[2026年 02月 07日 星期六 10:52:10 CST] SKIPPED (up-to-date): /data/downloads/wallet/binance-margin_trading-api-docs/html/docs/zh-CN/wallet/travel-rule/broker-deposit-provide-info.html
[2026年 02月 07日 星期六 10:52:10 CST] SKIPPED (up-to-date): /data/downloads/wallet/binance-margin_trading-api-docs/html/docs/zh-CN/wallet/travel-rule/deposit-provide-info-v2.html
[2026年 02月 07日 星期六 10:52:10 CST] SKIPPED (up-to-date): /data/downloads/wallet/binance-margin_trading-api-docs/html/docs/zh-CN/wallet/travel-rule/onboarded-vasp-list.html
[2026年 02月 07日 星期六 10:52:10 CST] SKIPPED (up-to-date): /data/downloads/wallet/binance-margin_trading-api-docs/html/docs/zh-CN/wallet/travel-rule/deposit-history.html
[2026年 02月 07日 星期六 10:52:10 CST] SKIPPED (up-to-date): /data/downloads/wallet/binance-margin_trading-api-docs/html/docs/zh-CN/wallet/travel-rule/withdraw-history-v2.html
[2026年 02月 07日 星期六 10:52:10 CST] SKIPPED (up-to-date): /data/downloads/wallet/binance-margin_trading-api-docs/html/docs/zh-CN/wallet/travel-rule/deposit-provide-info.html
[2026年 02月 07日 星期六 10:52:10 CST] SKIPPED (up-to-date): /data/downloads/wallet/binance-margin_trading-api-docs/html/docs/zh-CN/wallet/travel-rule.html
[2026年 02月 07日 星期六 10:52:10 CST] SKIPPED (up-to-date): /data/downloads/wallet/binance-margin_trading-api-docs/html/docs/zh-CN/wallet/error-code.html
[2026年 02月 07日 星期六 10:52:10 CST] SKIPPED (up-to-date): /data/downloads/wallet/binance-margin_trading-api-docs/html/docs/zh-CN/wallet/change-log.html
[2026年 02月 07日 星期六 10:52:10 CST] SKIPPED (up-to-date): /data/downloads/wallet/binance-margin_trading-api-docs/html/docs/zh-CN/wallet/contact-us.html
[2026年 02月 07日 星期六 10:52:10 CST] SKIPPED (up-to-date): /data/downloads/wallet/binance-margin_trading-api-docs/html/docs/zh-CN/wallet/general-info.html
[2026年 02月 07日 星期六 10:52:10 CST] SKIPPED (up-to-date): /data/downloads/wallet/binance-margin_trading-api-docs/html/docs/zh-CN/wallet/Introduction.html
[2026年 02月 07日 星期六 10:52:10 CST] SKIPPED (up-to-date): /data/downloads/wallet/binance-margin_trading-api-docs/html/docs/zh-CN/wallet/capital/deposite-address.html
[2026年 02月 07日 星期六 10:52:10 CST] SKIPPED (up-to-date): /data/downloads/wallet/binance-margin_trading-api-docs/html/docs/zh-CN/wallet/capital/fetch-withdraw-quota.html
[2026年 02月 07日 星期六 10:52:10 CST] SKIPPED (up-to-date): /data/downloads/wallet/binance-margin_trading-api-docs/html/docs/zh-CN/wallet/capital/fetch-deposit-address-list-with-network.html
[2026年 02月 07日 星期六 10:52:10 CST] SKIPPED (up-to-date): /data/downloads/wallet/binance-margin_trading-api-docs/html/docs/zh-CN/wallet/capital/withdraw.html
[2026年 02月 07日 星期六 10:52:10 CST] SKIPPED (up-to-date): /data/downloads/wallet/binance-margin_trading-api-docs/html/docs/zh-CN/wallet/capital/fetch-withdraw-address.html
[2026年 02月 07日 星期六 10:52:10 CST] SKIPPED (up-to-date): /data/downloads/wallet/binance-margin_trading-api-docs/html/docs/zh-CN/wallet/capital/withdraw-history.html
[2026年 02月 07日 星期六 10:52:10 CST] SKIPPED (up-to-date): /data/downloads/wallet/binance-margin_trading-api-docs/html/docs/zh-CN/wallet/capital/one-click-arrival-deposite-apply.html
[2026年 02月 07日 星期六 10:52:10 CST] SKIPPED (up-to-date): /data/downloads/wallet/binance-margin_trading-api-docs/html/docs/zh-CN/wallet/capital/all-coins-info.html
[2026年 02月 07日 星期六 10:52:10 CST] SKIPPED (up-to-date): /data/downloads/wallet/binance-margin_trading-api-docs/html/docs/zh-CN/wallet/capital/deposite-history.html
[2026年 02月 07日 星期六 10:52:10 CST] SKIPPED (up-to-date): /data/downloads/wallet/binance-margin_trading-api-docs/html/docs/zh-CN/wallet/account.html
[2026年 02月 07日 星期六 10:52:10 CST] SKIPPED (up-to-date): /data/downloads/wallet/binance-margin_trading-api-docs/html/docs/zh-CN/wallet/others/delist-schedule.html
[2026年 02月 07日 星期六 10:52:10 CST] SKIPPED (up-to-date): /data/downloads/wallet/binance-margin_trading-api-docs/html/docs/zh-CN/wallet/others/system-status.html
[2026年 02月 07日 星期六 10:52:10 CST] SKIPPED (up-to-date): /data/downloads/wallet/binance-margin_trading-api-docs/html/docs/zh-CN/margin_trading/market-data.html
[2026年 02月 07日 星期六 10:52:10 CST] SKIPPED (up-to-date): /data/downloads/wallet/binance-margin_trading-api-docs/html/docs/zh-CN/margin_trading/account/Disable-Isolated-Margin-Account.html
[2026年 02月 07日 星期六 10:52:10 CST] SKIPPED (up-to-date): /data/downloads/wallet/binance-margin_trading-api-docs/html/docs/zh-CN/margin_trading/account/Query-Cross-Isolated-Margin-Capital-Flow.html
[2026年 02月 07日 星期六 10:52:10 CST] SKIPPED (up-to-date): /data/downloads/wallet/binance-margin_trading-api-docs/html/docs/zh-CN/margin_trading/account/Query-Enabled-Isolated-Margin-Account-Limit.html
[2026年 02月 07日 星期六 10:52:10 CST] SKIPPED (up-to-date): /data/downloads/wallet/binance-margin_trading-api-docs/html/docs/zh-CN/margin_trading/account/Get-Summary-Of-Margin-Account.html
[2026年 02月 07日 星期六 10:52:10 CST] SKIPPED (up-to-date): /data/downloads/wallet/binance-margin_trading-api-docs/html/docs/zh-CN/margin_trading/account/Query-Isolated-Margin-Fee-Data.html
[2026年 02月 07日 星期六 10:52:10 CST] SKIPPED (up-to-date): /data/downloads/wallet/binance-margin_trading-api-docs/html/docs/zh-CN/margin_trading/account/Query-Cross-Margin-Fee-Data.html
[2026年 02月 07日 星期六 10:52:10 CST] SKIPPED (up-to-date): /data/downloads/wallet/binance-margin_trading-api-docs/html/docs/zh-CN/margin_trading/account/Adjust-Cross-Margin-Max-Leverage.html
[2026年 02月 07日 星期六 10:52:10 CST] SKIPPED (up-to-date): /data/downloads/wallet/binance-margin_trading-api-docs/html/docs/zh-CN/margin_trading/account/Get-BNB-Burn-Status.html
[2026年 02月 07日 星期六 10:52:10 CST] SKIPPED (up-to-date): /data/downloads/wallet/binance-margin_trading-api-docs/html/docs/zh-CN/margin_trading/account/Enable-Isolated-Margin-Account.html
[2026年 02月 07日 星期六 10:52:10 CST] SKIPPED (up-to-date): /data/downloads/wallet/binance-margin_trading-api-docs/html/docs/zh-CN/margin_trading/account/Query-Cross-Margin-Account-Details.html
[2026年 02月 07日 星期六 10:52:10 CST] SKIPPED (up-to-date): /data/downloads/wallet/binance-margin_trading-api-docs/html/docs/zh-CN/margin_trading/account/Query-Isolated-Margin-Account-Info.html
[2026年 02月 07日 星期六 10:52:10 CST] SKIPPED (up-to-date): /data/downloads/wallet/binance-margin_trading-api-docs/html/docs/zh-CN/margin_trading/borrow-and-repay/Margin-Account-Borrow-Repay.html
[2026年 02月 07日 星期六 10:52:10 CST] SKIPPED (up-to-date): /data/downloads/wallet/binance-margin_trading-api-docs/html/docs/zh-CN/margin_trading/borrow-and-repay/Query-Max-Borrow.html
[2026年 02月 07日 星期六 10:52:10 CST] SKIPPED (up-to-date): /data/downloads/wallet/binance-margin_trading-api-docs/html/docs/zh-CN/margin_trading/borrow-and-repay/Get-a-future-hourly-interest-rate.html
[2026年 02月 07日 星期六 10:52:10 CST] SKIPPED (up-to-date): /data/downloads/wallet/binance-margin_trading-api-docs/html/docs/zh-CN/margin_trading/borrow-and-repay/Get-Interest-History.html
[2026年 02月 07日 星期六 10:52:10 CST] SKIPPED (up-to-date): /data/downloads/wallet/binance-margin_trading-api-docs/html/docs/zh-CN/margin_trading/borrow-and-repay/Query-Borrow-Repay.html
[2026年 02月 07日 星期六 10:52:10 CST] SKIPPED (up-to-date): /data/downloads/wallet/binance-margin_trading-api-docs/html/docs/zh-CN/margin_trading/borrow-and-repay/Query-Margin-Interest-Rate-History.html
[2026年 02月 07日 星期六 10:52:10 CST] SKIPPED (up-to-date): /data/downloads/wallet/binance-margin_trading-api-docs/html/docs/zh-CN/margin_trading/transfer/Get-Cross-Margin-Transfer-History.html
[2026年 02月 07日 星期六 10:52:10 CST] SKIPPED (up-to-date): /data/downloads/wallet/binance-margin_trading-api-docs/html/docs/zh-CN/margin_trading/transfer/Query-Max-Transfer-Out-Amount.html
[2026年 02月 07日 星期六 10:52:10 CST] SKIPPED (up-to-date): /data/downloads/wallet/binance-margin_trading-api-docs/html/docs/zh-CN/margin_trading/borrow-and-repay.html
[2026年 02月 07日 星期六 10:52:10 CST] SKIPPED (up-to-date): /data/downloads/wallet/binance-margin_trading-api-docs/html/docs/zh-CN/margin_trading/trade-data-stream/Event-Balance-Update.html
[2026年 02月 07日 星期六 10:52:10 CST] SKIPPED (up-to-date): /data/downloads/wallet/binance-margin_trading-api-docs/html/docs/zh-CN/margin_trading/trade-data-stream/Listen-Token-Websocket-API.html
[2026年 02月 07日 星期六 10:52:10 CST] SKIPPED (up-to-date): /data/downloads/wallet/binance-margin_trading-api-docs/html/docs/zh-CN/margin_trading/trade-data-stream/Event-Account-Update.html
[2026年 02月 07日 星期六 10:52:10 CST] SKIPPED (up-to-date): /data/downloads/wallet/binance-margin_trading-api-docs/html/docs/zh-CN/margin_trading/trade-data-stream/Event-Order-Update.html
[2026年 02月 07日 星期六 10:52:10 CST] SKIPPED (up-to-date): /data/downloads/wallet/binance-margin_trading-api-docs/html/docs/zh-CN/margin_trading/trade-data-stream.html
[2026年 02月 07日 星期六 10:52:10 CST] SKIPPED (up-to-date): /data/downloads/wallet/binance-margin_trading-api-docs/html/docs/zh-CN/margin_trading/trade/Get-Small-Liability-Exchange-History.html
[2026年 02月 07日 星期六 10:52:10 CST] SKIPPED (up-to-date): /data/downloads/wallet/binance-margin_trading-api-docs/html/docs/zh-CN/margin_trading/trade/Margin-Account-New-OTOCO.html
[2026年 02月 07日 星期六 10:52:10 CST] SKIPPED (up-to-date): /data/downloads/wallet/binance-margin_trading-api-docs/html/docs/zh-CN/margin_trading/trade/Query-Special-Key-List-of-Low-Latency-Trading.html
[2026年 02月 07日 星期六 10:52:10 CST] SKIPPED (up-to-date): /data/downloads/wallet/binance-margin_trading-api-docs/html/docs/zh-CN/margin_trading/trade/Margin-Account-Cancel-Order.html
[2026年 02月 07日 星期六 10:52:10 CST] SKIPPED (up-to-date): /data/downloads/wallet/binance-margin_trading-api-docs/html/docs/zh-CN/margin_trading/trade/Margin-Account-New-OTO.html
[2026年 02月 07日 星期六 10:52:10 CST] SKIPPED (up-to-date): /data/downloads/wallet/binance-margin_trading-api-docs/html/docs/zh-CN/margin_trading/trade/Query-Margin-Account-All-Orders.html
[2026年 02月 07日 星期六 10:52:10 CST] SKIPPED (up-to-date): /data/downloads/wallet/binance-margin_trading-api-docs/html/docs/zh-CN/margin_trading/trade/Delete-Special-Key-of-Low-Latency-Trading.html
[2026年 02月 07日 星期六 10:52:10 CST] SKIPPED (up-to-date): /data/downloads/wallet/binance-margin_trading-api-docs/html/docs/zh-CN/margin_trading/trade/Query-Margin-Account-All-OCO.html
[2026年 02月 07日 星期六 10:52:10 CST] SKIPPED (up-to-date): /data/downloads/wallet/binance-margin_trading-api-docs/html/docs/zh-CN/margin_trading/trade/Query-Margin-Account-Order.html
[2026年 02月 07日 星期六 10:52:10 CST] SKIPPED (up-to-date): /data/downloads/wallet/binance-margin_trading-api-docs/html/docs/zh-CN/margin_trading/trade/Query-Margin-Account-Open-OCO.html
[2026年 02月 07日 星期六 10:52:10 CST] SKIPPED (up-to-date): /data/downloads/wallet/binance-margin_trading-api-docs/html/docs/zh-CN/margin_trading/trade/Small-Liability-Exchange.html
[2026年 02月 07日 星期六 10:52:10 CST] SKIPPED (up-to-date): /data/downloads/wallet/binance-margin_trading-api-docs/html/docs/zh-CN/margin_trading/trade/Edit-ip-for-Special-Key-of-Low-Latency-Trading.html
[2026年 02月 07日 星期六 10:52:10 CST] SKIPPED (up-to-date): /data/downloads/wallet/binance-margin_trading-api-docs/html/docs/zh-CN/margin_trading/trade/Create-Special-Key-of-Low-Latency-Trading.html
[2026年 02月 07日 星期六 10:52:10 CST] SKIPPED (up-to-date): /data/downloads/wallet/binance-margin_trading-api-docs/html/docs/zh-CN/margin_trading/trade/Margin-Account-Cancel-All-Open-Orders.html
[2026年 02月 07日 星期六 10:52:10 CST] SKIPPED (up-to-date): /data/downloads/wallet/binance-margin_trading-api-docs/html/docs/zh-CN/margin_trading/trade/Query-Margin-Account-Open-Orders.html
[2026年 02月 07日 星期六 10:52:10 CST] SKIPPED (up-to-date): /data/downloads/wallet/binance-margin_trading-api-docs/html/docs/zh-CN/margin_trading/trade/Get-Small-Liability-Exchange-Coin-List.html
[2026年 02月 07日 星期六 10:52:10 CST] SKIPPED (up-to-date): /data/downloads/wallet/binance-margin_trading-api-docs/html/docs/zh-CN/margin_trading/trade/Margin-Account-New-Order.html
[2026年 02月 07日 星期六 10:52:10 CST] SKIPPED (up-to-date): /data/downloads/wallet/binance-margin_trading-api-docs/html/docs/zh-CN/margin_trading/trade/Query-Special-Key-of-Low-Latency-Trading.html
[2026年 02月 07日 星期六 10:52:10 CST] SKIPPED (up-to-date): /data/downloads/wallet/binance-margin_trading-api-docs/html/docs/zh-CN/margin_trading/trade/Margin-Manual-Liquidation.html
[2026年 02月 07日 星期六 10:52:10 CST] SKIPPED (up-to-date): /data/downloads/wallet/binance-margin_trading-api-docs/html/docs/zh-CN/margin_trading/trade/Margin-Account-New-OCO.html
[2026年 02月 07日 星期六 10:52:10 CST] SKIPPED (up-to-date): /data/downloads/wallet/binance-margin_trading-api-docs/html/docs/zh-CN/margin_trading/trade/Query-Current-Margin-Order-Count-Usage.html
[2026年 02月 07日 星期六 10:52:10 CST] SKIPPED (up-to-date): /data/downloads/wallet/binance-margin_trading-api-docs/html/docs/zh-CN/margin_trading/trade/Query-Margin-Account-Trade-List.html
[2026年 02月 07日 星期六 10:52:10 CST] SKIPPED (up-to-date): /data/downloads/wallet/binance-margin_trading-api-docs/html/docs/zh-CN/margin_trading/trade/Margin-Account-Cancel-OCO.html
[2026年 02月 07日 星期六 10:52:10 CST] SKIPPED (up-to-date): /data/downloads/wallet/binance-margin_trading-api-docs/html/docs/zh-CN/margin_trading/trade/Query-Margin-Account-OCO.html
[2026年 02月 07日 星期六 10:52:10 CST] SKIPPED (up-to-date): /data/downloads/wallet/binance-margin_trading-api-docs/html/docs/zh-CN/margin_trading/trade/Get-Force-Liquidation-Record.html
[2026年 02月 07日 星期六 10:52:10 CST] SKIPPED (up-to-date): /data/downloads/wallet/binance-margin_trading-api-docs/html/docs/zh-CN/margin_trading/risk-data-stream/Event-Liability-Update.html
[2026年 02月 07日 星期六 10:52:10 CST] SKIPPED (up-to-date): /data/downloads/wallet/binance-margin_trading-api-docs/html/docs/zh-CN/margin_trading/risk-data-stream/Event-Margin-Call.html
[2026年 02月 07日 星期六 10:52:10 CST] SKIPPED (up-to-date): /data/downloads/wallet/binance-margin_trading-api-docs/html/docs/zh-CN/margin_trading/risk-data-stream/Connect.html
[2026年 02月 07日 星期六 10:52:10 CST] SKIPPED (up-to-date): /data/downloads/wallet/binance-margin_trading-api-docs/html/docs/zh-CN/margin_trading/risk-data-stream/Start-User-Data-Stream.html
[2026年 02月 07日 星期六 10:52:10 CST] SKIPPED (up-to-date): /data/downloads/wallet/binance-margin_trading-api-docs/html/docs/zh-CN/margin_trading/risk-data-stream/Keepalive-User-Data-Stream.html
[2026年 02月 07日 星期六 10:52:10 CST] SKIPPED (up-to-date): /data/downloads/wallet/binance-margin_trading-api-docs/html/docs/zh-CN/margin_trading/risk-data-stream/Close-User-Data-Stream.html
[2026年 02月 07日 星期六 10:52:10 CST] SKIPPED (up-to-date): /data/downloads/wallet/binance-margin_trading-api-docs/html/docs/zh-CN/margin_trading/trade.html
[2026年 02月 07日 星期六 10:52:10 CST] SKIPPED (up-to-date): /data/downloads/wallet/binance-margin_trading-api-docs/html/docs/zh-CN/margin_trading/risk-data-stream.html
[2026年 02月 07日 星期六 10:52:10 CST] SKIPPED (up-to-date): /data/downloads/wallet/binance-margin_trading-api-docs/html/docs/zh-CN/margin_trading/common-definition.html
[2026年 02月 07日 星期六 10:52:10 CST] SKIPPED (up-to-date): /data/downloads/wallet/binance-margin_trading-api-docs/html/docs/zh-CN/margin_trading/market-data/Query-Isolated-Margin-Tier-Data.html
[2026年 02月 07日 星期六 10:52:10 CST] SKIPPED (up-to-date): /data/downloads/wallet/binance-margin_trading-api-docs/html/docs/zh-CN/margin_trading/market-data/Get-All-Margin-Assets.html
[2026年 02月 07日 星期六 10:52:10 CST] SKIPPED (up-to-date): /data/downloads/wallet/binance-margin_trading-api-docs/html/docs/zh-CN/margin_trading/market-data/Get-Delist-Schedule.html
[2026年 02月 07日 星期六 10:52:10 CST] SKIPPED (up-to-date): /data/downloads/wallet/binance-margin_trading-api-docs/html/docs/zh-CN/margin_trading/market-data/Get-Margin-Asset-Risk-Based-Liquidation-Ratio.html
[2026年 02月 07日 星期六 10:52:10 CST] SKIPPED (up-to-date): /data/downloads/wallet/binance-margin_trading-api-docs/html/docs/zh-CN/margin_trading/market-data/Query-margin-avaliable-inventory.html
[2026年 02月 07日 星期六 10:52:10 CST] SKIPPED (up-to-date): /data/downloads/wallet/binance-margin_trading-api-docs/html/docs/zh-CN/margin_trading/market-data/Get-All-Isolated-Margin-Symbol.html
[2026年 02月 07日 星期六 10:52:10 CST] SKIPPED (up-to-date): /data/downloads/wallet/binance-margin_trading-api-docs/html/docs/zh-CN/margin_trading/market-data/Get-List-Schedule.html
[2026年 02月 07日 星期六 10:52:10 CST] SKIPPED (up-to-date): /data/downloads/wallet/binance-margin_trading-api-docs/html/docs/zh-CN/margin_trading/market-data/Get-Limit-Price-Pairs.html
[2026年 02月 07日 星期六 10:52:10 CST] SKIPPED (up-to-date): /data/downloads/wallet/binance-margin_trading-api-docs/html/docs/zh-CN/margin_trading/market-data/Cross-margin-collateral-ratio.html
[2026年 02月 07日 星期六 10:52:10 CST] SKIPPED (up-to-date): /data/downloads/wallet/binance-margin_trading-api-docs/html/docs/zh-CN/margin_trading/market-data/Query-Liability-Coin-Leverage-Bracket-in-Cross-Margin-Pro-Mode.html
[2026年 02月 07日 星期六 10:52:10 CST] SKIPPED (up-to-date): /data/downloads/wallet/binance-margin_trading-api-docs/html/docs/zh-CN/margin_trading/market-data/Query-Margin-PriceIndex.html
[2026年 02月 07日 星期六 10:52:10 CST] SKIPPED (up-to-date): /data/downloads/wallet/binance-margin_trading-api-docs/html/docs/zh-CN/margin_trading/market-data/Get-All-Cross-Margin-Pairs.html
[2026年 02月 07日 星期六 10:52:10 CST] SKIPPED (up-to-date): /data/downloads/wallet/binance-margin_trading-api-docs/html/docs/zh-CN/margin_trading/error-code.html
[2026年 02月 07日 星期六 10:52:10 CST] SKIPPED (up-to-date): /data/downloads/wallet/binance-margin_trading-api-docs/html/docs/zh-CN/margin_trading/change-log.html
[2026年 02月 07日 星期六 10:52:10 CST] SKIPPED (up-to-date): /data/downloads/wallet/binance-margin_trading-api-docs/html/docs/zh-CN/margin_trading/best-practice.html
[2026年 02月 07日 星期六 10:52:10 CST] SKIPPED (up-to-date): /data/downloads/wallet/binance-margin_trading-api-docs/html/docs/zh-CN/margin_trading/general-info.html
[2026年 02月 07日 星期六 10:52:10 CST] SKIPPED (up-to-date): /data/downloads/wallet/binance-margin_trading-api-docs/html/docs/zh-CN/margin_trading/Introduction.html
[2026年 02月 07日 星期六 10:52:10 CST] SKIPPED (up-to-date): /data/downloads/wallet/binance-margin_trading-api-docs/html/docs/zh-CN/margin_trading/transfer.html
[2026年 02月 07日 星期六 10:52:10 CST] SKIPPED (up-to-date): /data/downloads/wallet/binance-margin_trading-api-docs/html/docs/zh-CN/margin_trading/account.html
